employee_id,name,login,create_time,gender,level,state,bu_id,part_id,city_id
0,莫佳,yanggao,2013-09-15,F,4,1,00002,00000,00078
1,何倩,suping,2011-04-01,M,6,1,00001,00002,00050
2,张兵,sunlei,2017-08-22,M,4,1,00008,00002,00010
3,麦婷,qiangluo,2013-08-19,M,6,1,00001,00001,00051
4,李秀珍,nasun,2018-08-01,F,4,1,00001,00002,00005
5,姚兵,hmao,2018-07-12,M,6,1,00010,00001,00083
6,段欢,pingfan,2016-02-21,F,4,1,00009,00000,00013
7,陈玉华,mingu,2015-05-26,F,6,1,00003,00002,00010
8,王玉,xia60,2017-11-06,F,5,1,00006,00002,00028
9,邓玉兰,gaoping,2010-09-26,F,5,1,00007,00002,00056
10,陈志强,mingren,2011-01-08,M,6,1,00009,00001,00062
11,李晨,wei66,2013-06-10,M,6,1,00001,00001,00076
12,陈倩,qianjun,2017-06-12,M,6,1,00006,00000,00000
13,余凤英,ming39,2018-12-16,M,4,1,00004,00000,00097
14,李健,xiulanjin,2011-12-25,M,6,1,00005,00000,00099
15,时秀英,yuanqiang,2018-06-15,M,5,1,00009,00000,00049
16,王志强,fzhong,2013-11-27,F,5,1,00002,00002,00074
17,林金凤,jxu,2018-04-12,F,5,1,00009,00002,00032
18,张淑兰,dfan,2016-05-31,F,4,1,00010,00000,00030
19,封瑜,qiang68,2013-12-20,F,4,1,00007,00000,00000
20,成洋,chao67,2013-10-08,F,5,1,00007,00000,00021
21,吴璐,yancui,2018-12-17,M,4,1,00003,00001,00078
22,曹亮,huangqiang,2014-05-19,M,5,1,00001,00002,00090
23,田瑞,yan03,2018-01-09,F,4,1,00005,00002,00052
24,胡鑫,caixiulan,2019-04-02,F,5,1,00000,00002,00018
25,王柳,dluo,2017-12-04,F,4,1,00000,00000,00001
26,谢华,zhongjuan,2014-02-20,M,5,1,00000,00000,00076
27,徐倩,nadai,2016-01-04,F,6,1,00010,00002,00059
28,何玉,mzhao,2010-12-06,F,4,1,00003,00000,00077
29,陈丹丹,jing23,2017-09-10,M,4,1,00002,00001,00068
30,李丹,taoxia,2011-01-26,F,5,1,00005,00000,00089
31,段娟,fanping,2014-12-13,M,6,1,00008,00001,00020
32,吴旭,tanjuan,2015-01-31,M,6,1,00006,00000,00077
33,陶秀珍,naqin,2015-06-28,F,6,1,00000,00000,00014
34,马桂芝,chaoqiu,2017-08-06,F,5,1,00010,00002,00097
35,郭丹丹,tao24,2017-01-01,M,4,1,00006,00000,00005
36,郝金凤,yong85,2014-09-17,F,5,1,00006,00000,00035
37,刘萍,zhongqiang,2014-03-25,F,5,1,00001,00002,00020
38,郭红,yang92,2017-04-12,M,6,1,00010,00002,00012
39,宋娜,gangjiang,2017-03-26,F,5,1,00007,00002,00018
40,宋晶,mingtang,2011-01-08,M,6,1,00007,00000,00000
41,何文,liyu,2018-10-07,M,4,1,00006,00000,00014
42,王丽娟,xiuying89,2011-01-12,M,5,1,00002,00002,00020
43,姚璐,lxu,2016-02-03,F,6,1,00007,00002,00091
44,卢颖,yeli,2015-10-06,F,4,1,00002,00002,00092
45,董琴,leihuang,2012-05-10,M,6,1,00006,00002,00070
46,劳楠,yanghao,2019-06-23,F,6,1,00007,00001,00042
47,孙凤英,guiyingzeng,2011-04-15,M,6,1,00008,00000,00075
48,钟成,vjia,2011-12-28,M,6,1,00002,00002,00006
49,张俊,xiangli,2014-09-23,F,4,1,00008,00001,00019
50,黄超,zhengping,2011-12-15,M,5,1,00005,00001,00084
51,卢丹丹,xionglei,2015-01-03,F,5,1,00009,00000,00059
52,刘秀荣,weizou,2016-08-10,F,4,1,00006,00002,00088
53,柏辉,djia,2018-04-13,F,6,1,00002,00002,00027
54,谢玉华,fuxiuying,2017-03-22,M,4,1,00007,00002,00073
55,孟丽娟,leigong,2011-11-07,M,5,1,00002,00002,00024
56,王小红,uyu,2014-12-18,F,5,1,00009,00001,00035
57,方雪,guowei,2016-10-27,M,5,1,00003,00001,00098
58,钟桂珍,taomin,2015-08-03,M,6,1,00006,00002,00000
59,刘丹,xiongming,2019-05-03,M,5,1,00008,00000,00020
60,姚春梅,tqiao,2016-08-28,M,4,1,00007,00002,00072
61,陈志强,yan27,2013-12-11,F,5,1,00005,00000,00038
62,林欣,xiuyingxia,2013-03-27,M,5,1,00008,00002,00089
63,董瑞,sufang,2016-05-17,M,5,1,00002,00000,00099
64,王莉,lshi,2015-07-30,F,4,1,00003,00000,00062
65,李辉,yujing,2014-03-24,M,5,1,00007,00000,00080
66,向雷,leikang,2017-11-11,F,4,1,00008,00000,00020
67,杨淑兰,xiuying99,2012-05-20,M,6,1,00006,00001,00080
68,李彬,chao99,2011-10-28,M,6,1,00009,00001,00039
69,孙莉,lyang,2014-02-17,F,5,1,00005,00002,00067
70,程勇,huangjing,2012-10-31,F,4,1,00008,00000,00069
71,郭杰,xiuyinglin,2012-03-28,M,6,1,00004,00001,00079
72,陈秀云,jun46,2015-03-24,F,6,1,00005,00001,00100
73,邓婷,hyu,2011-04-13,M,4,1,00003,00000,00027
74,卢凤兰,fjia,2013-05-27,M,5,1,00003,00000,00071
75,章桂香,taoqin,2018-12-09,F,5,1,00004,00001,00049
76,胡晶,gang53,2010-09-27,F,4,1,00005,00001,00084
77,魏淑英,taocai,2012-07-13,M,4,1,00001,00000,00088
78,李兰英,chaoxu,2013-09-04,M,4,1,00004,00001,00035
79,欧阳秀兰,itian,2015-05-22,F,6,1,00008,00000,00007
80,和金凤,jielin,2011-03-03,F,5,1,00003,00001,00017
81,刘玉华,xiuyinglong,2014-12-28,M,4,1,00004,00000,00084
82,姜丽,mzeng,2015-12-08,M,6,1,00008,00002,00026
83,郑倩,wzeng,2016-11-04,M,4,1,00008,00000,00084
84,王东,ming69,2011-07-17,F,4,1,00003,00001,00011
85,潘秀梅,lei12,2010-12-10,F,5,1,00004,00001,00005
86,钟兵,xiaxue,2015-05-07,M,4,1,00002,00000,00008
87,陈洋,tshi,2014-10-29,M,5,1,00007,00000,00097
88,田瑞,qiangdeng,2011-02-18,M,6,1,00000,00000,00077
89,刘平,fang15,2013-08-10,M,5,1,00007,00000,00099
90,杨晶,lmao,2018-08-08,M,4,1,00000,00002,00092
91,罗建平,oxie,2015-09-22,F,5,1,00007,00002,00092
92,萧瑞,fang80,2016-12-20,F,5,1,00006,00002,00023
93,鲁桂花,chao50,2013-08-01,F,6,1,00006,00002,00060
94,刘淑兰,qianxia,2014-08-25,F,4,1,00006,00002,00075
95,王云,xiuyingchen,2012-07-21,M,5,1,00008,00000,00072
96,王雪,tanxiulan,2013-10-16,F,4,1,00006,00001,00022
97,李超,chengna,2014-07-01,M,5,1,00004,00000,00031
98,祝欢,jiajuan,2016-12-28,F,4,1,00007,00000,00001
99,陈淑英,qiaojun,2018-01-14,F,5,1,00001,00001,00008
100,金俊,jieyin,2018-10-26,M,5,1,00008,00002,00091
101,赵秀华,leijia,2014-02-05,M,6,1,00007,00000,00054
102,马涛,xiulanhuang,2012-11-10,F,6,1,00000,00001,00035
103,王俊,jundai,2014-03-11,M,5,1,00005,00000,00062
104,孟淑珍,li45,2018-10-01,M,5,1,00009,00001,00035
105,姚勇,leigang,2016-02-22,M,4,1,00005,00000,00040
106,石荣,hegang,2015-09-24,F,5,1,00007,00000,00078
107,余琳,jing14,2012-04-08,M,5,1,00010,00000,00037
108,钟楠,tanna,2016-03-19,F,4,1,00010,00001,00051
109,孙玉梅,gangmao,2016-09-04,F,5,1,00004,00001,00096
110,林红梅,ming12,2015-06-19,M,6,1,00007,00002,00053
111,黄静,junliao,2014-11-24,F,6,1,00003,00002,00044
112,胡梅,min54,2015-04-01,M,6,1,00010,00000,00072
113,林桂英,klai,2015-07-23,F,4,1,00002,00001,00094
114,蔡秀珍,guiyingguo,2011-05-15,F,4,1,00008,00002,00086
115,蒋璐,zhoulei,2018-10-04,F,4,1,00010,00002,00002
116,郭志强,baixia,2014-12-20,M,4,1,00010,00001,00056
117,范丽娟,haoguiying,2013-06-28,F,5,1,00010,00002,00082
118,张成,juanxiang,2016-02-28,M,4,1,00000,00001,00089
119,孙桂芳,minpan,2013-04-18,M,5,1,00000,00001,00072
120,齐小红,phu,2014-07-16,M,5,1,00010,00000,00030
121,徐勇,jiecheng,2014-10-02,F,5,1,00008,00001,00063
122,杨柳,kfeng,2014-07-07,F,6,1,00002,00000,00048
123,丁浩,taoli,2018-08-26,F,4,1,00000,00000,00052
124,潘晶,xiuyingding,2017-11-26,M,4,1,00008,00002,00087
125,赵建平,fang72,2012-03-14,M,5,1,00008,00001,00052
126,赵璐,hqin,2017-06-25,F,5,1,00007,00000,00087
127,欧敏,fang18,2017-07-19,M,6,1,00002,00000,00025
128,王想,tren,2018-05-07,M,5,1,00008,00002,00069
129,高利,qiuqiang,2017-03-17,F,6,1,00007,00002,00097
130,雷柳,tao95,2013-10-26,F,4,1,00004,00000,00075
131,钟洁,qiang29,2015-02-15,M,4,1,00006,00000,00083
132,罗秀荣,maxia,2012-03-05,M,4,1,00009,00001,00059
133,任婷,lijin,2013-10-09,M,5,1,00007,00001,00089
134,张玉华,chaosun,2017-06-21,M,5,1,00008,00000,00050
135,邹婷,hewei,2010-11-25,F,4,1,00005,00001,00049
136,刘慧,uqian,2018-11-23,F,5,1,00002,00002,00070
137,张敏,junmao,2016-03-17,F,4,1,00003,00002,00032
138,黄浩,guiying33,2011-05-25,F,6,1,00003,00002,00092
139,陈军,laiguiying,2018-10-28,F,6,1,00001,00000,00042
140,陈玲,liaojie,2012-06-02,M,6,1,00003,00000,00080
141,沈俊,huangyang,2017-02-22,F,5,1,00004,00002,00045
142,王丽,mguo,2011-07-06,F,4,1,00008,00002,00040
143,陆莉,yanli,2018-07-03,F,6,1,00003,00002,00039
144,杨鹏,xiuying02,2013-08-06,M,4,1,00008,00002,00033
145,樊佳,weilei,2012-12-25,M,6,1,00005,00002,00067
146,张健,ylai,2015-05-14,F,5,1,00009,00001,00057
147,耿红,li92,2018-12-01,M,4,1,00009,00001,00072
148,郑晨,taochang,2016-07-04,F,5,1,00009,00001,00061
149,王华,jie30,2011-06-26,F,4,1,00004,00002,00061
150,莫涛,minqiu,2016-06-14,F,5,1,00007,00001,00019
151,赖秀英,mtian,2015-05-08,M,6,1,00009,00002,00083
152,徐荣,daifang,2011-03-09,F,5,1,00001,00001,00093
153,王磊,yaoli,2015-08-08,F,6,1,00000,00000,00070
154,曾畅,oliu,2018-04-12,F,5,1,00008,00002,00067
155,戴红霞,xiapan,2012-01-18,F,4,1,00008,00001,00079
156,唐彬,min35,2018-09-24,F,6,1,00002,00002,00078
157,林博,mindeng,2017-01-13,M,4,1,00006,00002,00076
158,刘佳,jxiong,2012-09-02,M,6,1,00008,00001,00081
159,李璐,longyan,2015-06-16,F,4,1,00010,00000,00040
160,周桂芝,ming26,2016-01-30,F,6,1,00008,00002,00034
161,赵娟,shiguiying,2013-01-22,F,6,1,00000,00000,00035
162,罗瑞,xiulankong,2018-04-09,F,4,1,00008,00001,00073
163,刘玲,jie39,2015-10-23,M,5,1,00005,00000,00002
164,和涛,xiuying96,2015-02-13,F,6,1,00006,00000,00020
165,吴萍,guyang,2013-03-31,M,4,1,00004,00000,00064
166,吴秀云,qiumin,2013-08-17,F,6,1,00002,00000,00003
167,陈玲,yanqian,2013-12-12,F,4,1,00006,00000,00074
168,张明,lgu,2019-07-17,M,4,1,00010,00000,00095
169,谢晶,qye,2014-06-10,F,6,1,00007,00001,00072
170,王玉兰,qianglin,2014-06-25,M,5,1,00000,00001,00074
171,李洋,min01,2014-08-08,M,6,1,00001,00001,00096
172,薛华,na15,2018-07-09,F,6,1,00000,00002,00032
173,傅超,gfang,2013-12-16,F,6,1,00000,00001,00091
174,刘健,minfan,2015-12-28,F,6,1,00008,00000,00094
175,何红,jie98,2010-12-14,F,4,1,00008,00001,00030
176,张阳,wshi,2016-11-04,F,5,1,00007,00002,00028
177,李峰,yuanchao,2016-02-22,M,4,1,00009,00000,00063
178,陈杰,ddong,2012-01-23,M,6,1,00000,00000,00064
179,高岩,na47,2018-04-14,M,4,1,00005,00001,00059
180,郭强,yintao,2016-06-06,F,6,1,00008,00000,00057
181,朱佳,wfu,2014-02-26,F,5,1,00004,00002,00032
182,王莹,glei,2014-09-12,F,4,1,00010,00001,00048
183,邓璐,yanqiu,2015-02-13,F,4,1,00007,00001,00030
184,沈兵,cgao,2017-08-27,M,4,1,00003,00001,00069
185,蒋云,tianjing,2018-02-17,F,5,1,00002,00000,00091
186,褚桂芳,kliang,2015-01-23,F,5,1,00007,00000,00010
187,张瑞,duanjing,2018-07-11,M,4,1,00002,00001,00071
188,耿颖,xiulanxie,2018-03-14,M,4,1,00000,00002,00094
189,林桂兰,bchen,2018-03-19,F,5,1,00003,00000,00073
190,曹瑞,dzhao,2017-02-22,M,6,1,00006,00001,00070
191,黄想,yang21,2017-07-04,F,6,1,00006,00000,00004
192,周俊,minqian,2014-08-09,M,5,1,00002,00000,00032
193,李玉兰,tao84,2011-06-13,M,6,1,00002,00001,00080
194,张想,jing95,2010-11-06,M,6,1,00009,00001,00073
195,杨婷婷,gzhou,2013-09-21,M,5,1,00002,00000,00073
196,曹健,yanwei,2012-05-01,M,6,1,00009,00001,00086
197,高丽丽,xueguiying,2014-07-18,F,4,1,00000,00001,00014
198,任桂兰,dengxiulan,2013-12-04,F,5,1,00003,00001,00014
199,武东,suping,2015-03-05,F,5,1,00005,00002,00008
200,孔春梅,xiulan62,2016-09-03,F,6,1,00003,00002,00063
201,林东,longlei,2018-09-28,M,4,1,00006,00002,00040
202,徐丽华,lei44,2016-05-31,F,5,1,00007,00001,00066
203,罗佳,minglai,2012-09-02,M,5,1,00003,00002,00054
204,陈冬梅,nxia,2014-07-22,F,4,1,00003,00002,00046
205,师超,gang15,2010-10-30,M,5,1,00004,00002,00097
206,李秀华,jingsun,2014-07-21,M,6,1,00001,00000,00043
207,蒋娜,chaoye,2017-02-28,M,5,1,00008,00001,00052
208,沈飞,ming59,2013-04-21,M,5,1,00003,00000,00060
209,陈瑞,liuyang,2015-07-14,M,6,1,00003,00000,00089
210,刘波,lei42,2016-10-17,F,4,1,00003,00000,00063
211,卜桂花,qiaoxiuying,2014-09-27,M,6,1,00010,00000,00065
212,王俊,pingqiao,2012-02-28,M,5,1,00006,00002,00016
213,凌冬梅,nfang,2012-10-25,M,5,1,00001,00002,00054
214,王桂荣,leitian,2017-03-03,M,4,1,00008,00002,00042
215,刘瑜,yangchao,2016-08-23,F,6,1,00004,00002,00045
216,耿鹏,guiying68,2012-10-23,M,6,1,00001,00002,00058
217,毛桂花,duanjuan,2018-07-26,M,5,1,00004,00000,00046
218,李瑜,leishi,2013-07-04,F,6,1,00006,00001,00064
219,林萍,yong67,2018-05-03,F,5,1,00006,00001,00032
220,蒙欣,zhongxia,2014-03-28,F,4,1,00004,00001,00067
221,芦雷,gaoxiulan,2010-08-16,F,4,1,00010,00002,00050
222,杨晶,hena,2017-01-12,F,4,1,00004,00001,00073
223,朱凤英,vdong,2011-02-18,M,4,1,00010,00001,00052
224,龙畅,rma,2014-12-14,F,4,1,00000,00000,00027
225,杨斌,gangzhang,2011-05-16,M,6,1,00005,00002,00022
226,江婷,zhenggang,2015-09-10,F,6,1,00008,00000,00001
227,程杨,xiulanwu,2017-09-29,F,6,1,00007,00001,00095
228,杜彬,rlei,2015-09-11,F,4,1,00000,00001,00027
229,廖淑英,shigang,2011-09-26,M,4,1,00003,00000,00026
230,钟娜,changyong,2013-01-17,M,5,1,00008,00000,00011
231,丁浩,guiying75,2018-11-23,M,4,1,00001,00001,00058
232,戴辉,fang25,2014-11-14,M,6,1,00009,00000,00029
233,苏玉,taoxiang,2019-07-26,F,4,1,00000,00000,00032
234,吴杨,juan49,2019-06-19,F,5,1,00004,00001,00020
235,朱博,xia23,2012-02-25,F,6,1,00008,00001,00025
236,马桂珍,lei79,2018-10-04,M,4,1,00002,00001,00046
237,陈宁,pingchang,2012-10-12,M,4,1,00007,00000,00016
238,邹利,yongduan,2017-06-03,F,5,1,00007,00002,00016
239,王淑华,tao20,2011-11-02,F,5,1,00005,00001,00051
240,张秀英,yong60,2012-07-23,M,5,1,00005,00001,00097
241,葛春梅,qiang48,2013-10-10,F,6,1,00006,00001,00052
242,李兰英,guiyingtian,2014-01-06,F,4,1,00007,00001,00003
243,徐桂英,ming74,2019-04-17,F,6,1,00005,00002,00036
244,朱军,jxiao,2014-02-25,F,6,1,00003,00001,00065
245,陈丹丹,yan06,2015-03-02,M,4,1,00008,00000,00094
246,何利,juanding,2014-01-03,F,6,1,00009,00001,00037
247,刘桂花,minliang,2014-06-17,M,6,1,00008,00000,00085
248,王晶,jieqin,2015-07-07,M,5,1,00008,00002,00017
249,程凤兰,yang15,2017-02-24,F,6,1,00000,00000,00085
250,王玉珍,juanyao,2014-05-20,F,6,1,00009,00001,00042
251,刘强,pmao,2016-10-06,M,5,1,00003,00000,00057
252,蒋健,gang49,2019-02-20,F,4,1,00010,00000,00044
253,王淑华,kkong,2018-04-24,M,4,1,00000,00000,00007
254,何冬梅,qinmin,2011-12-27,M,4,1,00005,00000,00068
255,吴凤兰,gaoguiying,2017-09-19,F,6,1,00007,00000,00014
256,黄帆,chenyang,2014-07-17,F,5,1,00003,00002,00010
257,李婷,zhonggang,2016-02-11,F,4,1,00006,00002,00005
258,房小红,jiepan,2011-06-03,F,6,1,00008,00001,00023
259,王洁,jieqiu,2015-01-19,M,5,1,00007,00002,00067
260,张坤,yong12,2018-07-05,M,6,1,00008,00000,00004
261,吴秀珍,jiedeng,2011-05-04,M,5,1,00009,00000,00016
262,贾健,jliu,2014-01-19,M,4,1,00004,00002,00024
263,王桂香,jcao,2014-04-29,M,4,1,00009,00000,00059
264,郝艳,chaokang,2014-04-10,M,6,1,00009,00001,00067
265,马欣,gaoyang,2012-12-26,F,4,1,00005,00001,00065
266,陈博,jli,2010-10-15,F,6,1,00010,00002,00015
267,李丽娟,vzeng,2016-02-19,F,4,1,00001,00001,00088
268,杨丽华,lei64,2013-02-21,M,5,1,00007,00002,00015
269,陈丹,guiying96,2017-02-25,M,4,1,00002,00000,00093
270,邵艳,leigang,2010-10-13,F,5,1,00006,00001,00052
271,韩红梅,jiaqiang,2016-04-29,F,4,1,00010,00002,00062
272,萧旭,jfu,2011-08-23,M,6,1,00010,00002,00030
273,刘宇,ishi,2012-11-02,F,6,1,00007,00000,00090
274,杜建国,yangliao,2015-05-04,F,4,1,00007,00002,00054
275,葛磊,taozheng,2014-05-21,F,6,1,00001,00002,00096
276,柳建国,baiqiang,2018-04-30,M,4,1,00001,00000,00022
277,彭敏,gshao,2018-10-21,M,4,1,00005,00001,00054
278,郭娜,qiang87,2012-11-16,F,4,1,00008,00002,00072
279,王宁,mxie,2012-12-14,M,4,1,00003,00002,00079
280,和成,lifan,2017-03-24,M,5,1,00008,00002,00100
281,刘琴,xiulan71,2012-04-29,M,6,1,00001,00002,00037
282,刘小红,jingdeng,2012-02-09,M,6,1,00009,00002,00026
283,郑淑华,guiyingluo,2018-02-12,M,5,1,00005,00002,00009
284,胡丽娟,xliao,2014-05-10,F,5,1,00003,00001,00048
285,杨莉,chaochang,2018-04-03,F,4,1,00008,00002,00040
286,黎荣,changlei,2014-05-31,M,5,1,00001,00001,00009
287,路坤,mingtian,2012-11-26,F,5,1,00010,00001,00061
288,王桂芝,huangli,2012-04-02,F,6,1,00010,00000,00032
289,何杰,jing30,2010-11-16,M,6,1,00001,00000,00067
290,吴凤英,gzhong,2014-10-19,F,4,1,00005,00001,00043
291,张旭,mfan,2016-09-26,F,6,1,00002,00002,00005
292,钟建平,yan56,2015-02-03,M,6,1,00001,00001,00017
293,张宇,nahou,2017-07-12,M,6,1,00005,00001,00099
294,王秀梅,xiuyinghou,2018-04-09,M,6,1,00001,00001,00042
295,赵婷,gangwen,2019-01-31,M,6,1,00006,00000,00015
296,张波,ming34,2018-12-06,M,6,1,00007,00002,00026
297,田飞,chenglei,2015-02-22,F,4,1,00010,00002,00045
298,黄桂珍,guiying21,2016-09-14,F,4,1,00005,00001,00091
299,唐春梅,gangwen,2012-08-31,M,6,1,00007,00002,00090
300,陈玉珍,chaoliang,2016-01-07,F,6,1,00005,00001,00063
301,陈兰英,leixue,2012-01-25,M,4,1,00009,00000,00063
302,周洁,laixiulan,2017-05-02,M,6,1,00002,00001,00053
303,吴淑兰,dwen,2018-02-02,M,6,1,00009,00002,00046
304,李建华,yuanlei,2017-01-01,F,6,1,00006,00001,00090
305,麦飞,juan51,2012-06-11,F,6,1,00002,00002,00040
306,程倩,bhuang,2012-11-22,F,5,1,00001,00001,00024
307,徐红霞,ming08,2016-10-16,M,5,1,00000,00002,00025
308,焦彬,leiduan,2013-12-02,M,5,1,00002,00002,00050
309,吴莉,yang12,2018-06-02,M,4,1,00010,00000,00021
310,吕刚,uzhong,2012-02-09,M,4,1,00005,00000,00032
311,毕岩,yiming,2011-02-20,F,5,1,00002,00000,00057
312,谢丽娟,yan02,2014-04-24,F,6,1,00000,00000,00085
313,寇冬梅,wei55,2019-05-02,M,6,1,00003,00002,00008
314,温超,zgu,2013-05-12,F,4,1,00002,00002,00035
315,王建,yanmeng,2018-11-30,F,5,1,00003,00001,00026
316,孙鑫,songna,2013-08-28,F,6,1,00006,00000,00026
317,王金凤,hzheng,2016-04-18,M,5,1,00001,00002,00072
318,李成,jdai,2012-05-16,M,6,1,00003,00001,00044
319,盛兰英,haofang,2015-11-27,M,4,1,00005,00001,00008
320,黄东,ixia,2017-05-12,M,6,1,00005,00001,00024
321,文桂花,fang83,2013-02-21,M,4,1,00006,00001,00095
322,陈玉梅,ping11,2011-08-01,F,4,1,00003,00000,00093
323,张坤,weiqiao,2012-11-28,F,4,1,00003,00000,00098
324,邸桂兰,ahuang,2018-02-16,F,5,1,00003,00001,00088
325,刘畅,baixiulan,2013-07-14,M,4,1,00000,00001,00050
326,孟雪梅,jlin,2017-01-14,M,4,1,00010,00002,00028
327,韩淑兰,bliao,2019-05-04,F,4,1,00010,00000,00049
328,张慧,wwu,2018-05-19,M,5,1,00002,00001,00073
329,冯娜,yangdu,2016-04-29,M,6,1,00010,00000,00067
330,李亮,yanli,2010-12-31,M,6,1,00007,00002,00019
331,冯华,fzhong,2011-07-19,M,4,1,00010,00002,00046
332,张雪,jieshi,2016-10-19,M,5,1,00006,00000,00035
333,王楠,xchen,2010-09-29,F,6,1,00010,00002,00055
334,黄秀云,liuxiuying,2016-03-18,F,4,1,00008,00001,00013
335,谭强,fangqiang,2013-09-13,M,5,1,00009,00002,00047
336,王岩,ecao,2011-10-12,F,5,1,00004,00000,00043
337,杜建,jie14,2012-06-04,F,6,1,00007,00002,00098
338,钟建平,guiying43,2017-09-25,M,4,1,00007,00001,00070
339,赵健,zhengjun,2016-06-09,M,6,1,00005,00002,00017
340,韩桂英,dugang,2017-04-28,M,4,1,00002,00000,00008
341,鞠静,hmeng,2019-07-09,F,4,1,00000,00002,00032
342,唐欣,yanqiang,2019-03-24,M,5,1,00001,00001,00035
343,龚敏,maojing,2019-05-01,F,5,1,00010,00002,00072
344,黄秀兰,chaogao,2010-09-12,M,4,1,00009,00001,00087
345,王晨,chao95,2016-06-30,M,5,1,00001,00001,00058
346,岳博,xiulanqian,2018-07-31,M,5,1,00000,00002,00028
347,陈淑兰,qiangzhou,2018-11-21,M,4,1,00008,00001,00068
348,韦峰,qiang09,2016-04-29,F,4,1,00004,00001,00053
349,胡燕,yan67,2015-07-20,M,5,1,00009,00002,00068
350,马帅,fangcheng,2012-04-27,F,4,1,00003,00000,00047
351,曹岩,qsun,2014-12-26,M,4,1,00002,00000,00013
352,康坤,xueyan,2017-01-07,M,5,1,00010,00001,00086
353,刘淑华,chao96,2015-03-16,M,5,1,00006,00000,00090
354,苏红,mfeng,2017-02-24,M,5,1,00010,00002,00087
355,李岩,xiulan22,2017-01-26,M,6,1,00002,00002,00007
356,桑亮,tao02,2016-03-24,M,4,1,00010,00001,00070
357,王华,qluo,2012-08-16,F,6,1,00000,00001,00023
358,曾龙,mchang,2011-04-22,M,6,1,00003,00001,00011
359,陈桂英,ping51,2016-02-22,F,5,1,00010,00002,00044
360,乐娜,guiyingliao,2013-05-22,M,6,1,00006,00002,00035
361,吴娟,yandong,2013-12-01,F,5,1,00003,00002,00028
362,李兰英,na20,2013-05-02,M,6,1,00009,00001,00085
363,郑杰,zengjuan,2017-07-19,F,5,1,00003,00000,00038
364,黄娜,wanxia,2011-03-17,M,4,1,00006,00002,00073
365,卢桂珍,majuan,2015-09-28,M,5,1,00007,00002,00063
366,杨倩,jiezheng,2012-06-01,M,6,1,00000,00002,00064
367,张玉兰,xiuying72,2011-01-25,M,5,1,00001,00000,00032
368,李鹏,maoqiang,2018-09-26,F,5,1,00009,00002,00095
369,龙桂芝,xia20,2011-10-16,M,5,1,00001,00001,00008
370,傅兵,xiuying87,2011-04-06,F,4,1,00003,00000,00099
371,杨琴,zwu,2012-03-29,F,4,1,00005,00000,00032
372,郝玉梅,jieliao,2017-02-04,F,6,1,00005,00001,00099
373,林红,yilei,2012-06-05,M,5,1,00002,00001,00011
374,单岩,yangsu,2011-02-07,F,4,1,00005,00002,00055
375,王成,yongxia,2015-09-18,M,4,1,00009,00001,00082
376,高玉兰,fangang,2014-10-03,F,4,1,00006,00000,00027
377,郑涛,guiyinghan,2017-02-21,F,6,1,00010,00000,00063
378,何丽华,mingxue,2017-11-21,M,5,1,00003,00002,00053
379,刘萍,shiwei,2012-10-11,M,5,1,00003,00002,00009
380,王旭,chengyang,2016-02-14,F,4,1,00010,00001,00091
381,陈波,mxu,2018-01-14,M,6,1,00002,00002,00047
382,杨玉兰,wangxiulan,2016-03-10,F,6,1,00010,00002,00070
383,孙莹,laichao,2012-08-12,M,5,1,00007,00002,00049
384,柴建,na16,2015-07-17,F,5,1,00010,00002,00075
385,王建平,fang99,2017-05-14,M,6,1,00010,00000,00032
386,张成,ping92,2018-04-26,F,6,1,00000,00001,00039
387,杨慧,yren,2016-02-15,M,4,1,00000,00001,00007
388,孙桂荣,qiaoyan,2013-11-22,F,5,1,00007,00001,00028
389,萧玲,jie60,2011-10-23,F,4,1,00009,00001,00041
390,张莉,qiang43,2012-11-22,F,4,1,00003,00000,00057
391,张红,dtang,2018-12-13,F,6,1,00008,00000,00000
392,姜明,fang17,2018-07-14,M,6,1,00004,00000,00014
393,王成,qhe,2018-08-03,M,5,1,00007,00001,00055
394,郭伟,gaoxia,2017-08-13,F,4,1,00002,00002,00087
395,丁婷婷,yong36,2016-06-05,F,6,1,00007,00002,00055
396,郭淑华,leihuang,2014-02-21,F,4,1,00010,00002,00086
397,燕兵,myi,2018-06-29,M,5,1,00000,00000,00075
398,黄秀云,chenping,2016-01-06,M,4,1,00007,00000,00000
399,牛桂珍,hanna,2010-11-06,M,6,1,00009,00002,00011
400,杜岩,jingma,2012-04-27,F,4,1,00005,00000,00056
401,谢敏,guoxia,2016-07-20,F,4,1,00004,00000,00034
402,沈建华,bliu,2017-04-10,F,5,1,00000,00001,00060
403,张亮,yongdong,2011-11-29,F,5,1,00005,00000,00042
404,舒丽,wzeng,2012-05-13,F,4,1,00000,00000,00073
405,胡倩,na32,2012-01-27,F,4,1,00000,00000,00056
406,仇帆,xiuyingbai,2018-03-23,M,6,1,00002,00002,00057
407,浦浩,wuxiuying,2010-08-12,M,4,1,00000,00002,00045
408,孙雷,ezhu,2011-07-06,M,5,1,00004,00001,00032
409,王楠,tao81,2013-01-10,M,5,1,00010,00001,00005
410,洪兵,gangyang,2011-10-17,F,5,1,00002,00001,00052
411,赵颖,zouqiang,2014-01-27,M,6,1,00010,00002,00019
412,郭桂芝,tao51,2014-11-03,M,4,1,00006,00000,00080
413,吴宁,chao78,2010-11-17,F,4,1,00003,00001,00039
414,王燕,uye,2016-09-06,M,4,1,00001,00000,00083
415,翁玉英,tanxiuying,2018-07-19,F,6,1,00002,00002,00015
416,黄宁,shiguiying,2012-07-03,F,4,1,00007,00001,00086
417,孙婷,vbai,2012-12-16,F,5,1,00001,00002,00094
418,吕红,xiuying23,2011-06-13,F,6,1,00008,00000,00085
419,葛梅,yang81,2019-05-15,M,4,1,00002,00001,00058
420,吕斌,tjin,2019-07-03,M,6,1,00005,00002,00078
421,韩丽丽,lishi,2012-01-10,F,5,1,00010,00000,00083
422,张莹,caogang,2018-05-14,M,5,1,00004,00001,00012
423,阎瑜,taoyi,2014-11-09,M,6,1,00005,00002,00084
424,李丽华,ping27,2014-11-07,M,5,1,00002,00001,00060
425,姜浩,qzhou,2014-05-02,F,6,1,00004,00002,00000
426,龙英,guochao,2012-11-12,F,5,1,00007,00001,00048
427,周坤,zhengqiang,2012-02-09,F,5,1,00004,00000,00004
428,王萍,xia83,2015-09-26,F,4,1,00007,00001,00081
429,钟鹏,min83,2018-04-10,M,4,1,00008,00001,00079
430,池玉珍,mafang,2014-03-19,F,5,1,00005,00001,00081
431,林琴,yang99,2014-09-17,M,6,1,00006,00002,00003
432,张秀兰,pengjing,2016-01-06,M,5,1,00005,00002,00028
433,王洋,yan90,2016-04-03,F,4,1,00009,00000,00100
434,史玉,maoyan,2014-07-13,M,4,1,00010,00000,00073
435,曹宁,xiuying61,2012-03-16,M,4,1,00009,00000,00038
436,邢飞,chengjie,2011-05-24,F,5,1,00008,00001,00028
437,丁柳,yong60,2011-06-18,F,4,1,00007,00001,00015
438,黄成,jiexiang,2014-03-10,M,4,1,00005,00002,00014
439,贺晨,yuanfang,2015-07-05,F,4,1,00008,00002,00030
440,文帆,tcao,2011-11-24,F,5,1,00007,00001,00050
441,杨伟,tao81,2013-10-05,M,4,1,00007,00002,00055
442,周波,ujiang,2018-02-14,F,4,1,00000,00001,00098
443,石冬梅,fang83,2014-05-05,F,4,1,00000,00001,00084
444,赵琳,yang36,2010-11-22,M,4,1,00009,00002,00001
445,李玲,xuejun,2018-03-08,F,5,1,00006,00000,00012
446,戴淑华,pinghuang,2018-11-12,F,5,1,00001,00001,00045
447,王玉英,xiuying83,2013-12-25,F,6,1,00003,00002,00054
448,任秀云,wfu,2011-10-03,F,5,1,00008,00002,00073
449,孙刚,mxia,2014-06-23,M,4,1,00009,00001,00084
450,李玉,lei97,2018-03-04,M,4,1,00010,00001,00100
451,杜晨,zhaoyang,2010-12-24,M,4,1,00005,00000,00087
452,张桂芳,liulei,2015-12-14,F,6,1,00005,00000,00019
453,王莉,qiangcheng,2013-09-10,M,5,1,00004,00000,00060
454,周婷婷,alu,2014-06-01,M,6,1,00009,00001,00046
455,周霞,gang05,2014-12-12,M,5,1,00006,00002,00063
456,卢凤英,oshao,2017-06-27,M,5,1,00006,00000,00048
457,孙娟,jieyuan,2018-10-03,F,6,1,00009,00002,00024
458,马欢,upeng,2016-04-28,M,6,1,00004,00001,00094
459,刘志强,jie87,2018-10-18,M,5,1,00004,00000,00001
460,陈燕,duyong,2011-10-17,M,4,1,00009,00002,00065
461,王建,jing02,2014-07-20,F,5,1,00003,00001,00043
462,杜宁,fang33,2014-05-18,M,4,1,00001,00000,00085
463,马旭,minlei,2018-07-21,F,6,1,00008,00001,00027
464,林龙,xia65,2015-11-09,M,6,1,00003,00002,00023
465,邵晶,cbai,2011-09-13,F,5,1,00004,00000,00073
466,王萍,xuexia,2016-04-30,F,6,1,00008,00002,00017
467,汪玉梅,juan02,2011-02-21,M,6,1,00008,00002,00013
468,蔡建华,xiulanzheng,2019-02-06,M,6,1,00003,00002,00076
469,曾龙,leiyang,2017-02-25,F,4,1,00003,00002,00097
470,张春梅,minxiang,2014-07-09,F,6,1,00009,00000,00017
471,吴岩,ping91,2015-03-06,F,5,1,00007,00001,00095
472,孙辉,li32,2014-01-17,M,4,1,00010,00000,00026
473,姚瑜,guojie,2011-08-03,M,6,1,00000,00001,00069
474,国玉英,taohuang,2012-11-26,M,4,1,00003,00001,00006
475,李晶,minsong,2014-11-19,F,6,1,00005,00000,00055
476,韩冬梅,uhe,2013-11-19,M,4,1,00006,00000,00003
477,刘欢,tangna,2014-04-24,M,6,1,00004,00000,00017
478,郭强,juncao,2013-04-10,F,6,1,00008,00002,00010
479,邱静,lichang,2016-07-27,F,5,1,00002,00001,00079
480,祁博,ganglu,2019-06-17,F,6,1,00004,00002,00026
481,郭志强,tao89,2012-05-24,M,4,1,00001,00000,00072
482,朱秀芳,wanqiang,2011-01-15,F,6,1,00001,00000,00021
483,许建,chao47,2018-07-09,F,6,1,00009,00002,00026
484,刘凯,xiulanhe,2013-03-05,M,4,1,00008,00001,00052
485,李芳,jie51,2019-01-14,M,4,1,00005,00001,00026
486,邓桂英,zshi,2010-10-17,M,5,1,00001,00001,00025
487,黎平,wzhong,2017-01-24,M,5,1,00008,00002,00087
488,胡龙,fangxie,2013-02-28,F,4,1,00008,00000,00069
489,贺霞,qqiao,2014-01-18,F,4,1,00006,00002,00095
490,陈鹏,sunming,2016-06-13,M,4,1,00006,00001,00082
491,苏桂芝,tanjie,2016-12-14,F,5,1,00001,00000,00010
492,韩燕,lei64,2019-06-12,F,5,1,00008,00000,00035
493,张萍,minhou,2018-12-19,F,5,1,00008,00002,00048
494,王彬,zdong,2012-11-17,F,6,1,00001,00001,00072
495,钱桂珍,zouqiang,2012-01-16,M,6,1,00007,00001,00017
496,王海燕,mwang,2013-08-06,M,6,1,00002,00001,00061
497,李秀珍,mengwei,2011-02-02,F,5,1,00007,00002,00056
498,唐浩,yanzou,2016-11-12,F,4,1,00006,00001,00065
499,陈东,jiehu,2011-03-10,F,6,1,00003,00000,00094
500,谢佳,wdu,2016-04-04,F,4,1,00009,00000,00068
501,程建华,nashi,2015-12-14,M,5,1,00003,00000,00020
502,张宇,xiuying11,2018-10-06,M,5,1,00009,00000,00071
503,王辉,mingyuan,2013-10-17,M,5,1,00009,00001,00066
504,欧阳建平,idong,2012-09-11,M,5,1,00000,00001,00045
505,蒋强,qinwei,2014-07-31,M,5,1,00004,00001,00073
506,饶帆,panjing,2013-12-17,F,5,1,00007,00000,00095
507,施芳,mingfang,2017-02-03,M,6,1,00010,00000,00037
508,梁军,lintao,2017-12-31,F,5,1,00010,00001,00047
509,杨利,hufang,2014-08-26,M,4,1,00001,00002,00072
510,李芳,xiuyingzhong,2015-08-03,M,5,1,00008,00001,00022
511,黄秀荣,wcheng,2012-06-18,M,5,1,00008,00000,00086
512,吴桂英,qiangcai,2011-03-16,F,4,1,00007,00000,00062
513,任丹丹,renyong,2012-07-27,F,5,1,00010,00002,00091
514,房红梅,xlei,2017-03-09,M,4,1,00001,00000,00034
515,王婷婷,rmo,2011-05-21,M,4,1,00001,00001,00043
516,李丽丽,zhongna,2013-12-12,M,6,1,00004,00001,00013
517,杜涛,chao27,2015-04-28,M,6,1,00001,00002,00042
518,董颖,caoyong,2011-02-14,M,5,1,00004,00000,00035
519,王雪,kzhou,2017-06-16,M,6,1,00003,00002,00090
520,李芳,na29,2013-11-12,F,6,1,00007,00000,00098
521,陈丽,gangxia,2010-11-12,F,5,1,00005,00002,00088
522,陈华,xuyan,2017-09-06,M,6,1,00007,00001,00068
523,戈萍,qchen,2018-01-27,F,6,1,00005,00001,00098
524,高建平,wei43,2012-11-17,M,6,1,00000,00000,00049
525,段颖,yding,2012-07-28,F,6,1,00009,00001,00030
526,郭淑华,heping,2016-04-21,F,6,1,00001,00001,00039
527,徐瑜,songqiang,2017-12-25,F,5,1,00010,00001,00002
528,晋玲,lutao,2013-08-27,F,5,1,00005,00002,00081
529,陈军,guiyingmo,2017-09-30,M,4,1,00008,00002,00013
530,刘琳,xiulanwang,2013-08-09,F,5,1,00007,00000,00028
531,李丽丽,pshi,2018-05-26,F,6,1,00007,00002,00068
532,王雷,juangao,2018-09-02,F,5,1,00009,00001,00037
533,徐勇,zhuna,2010-10-04,F,4,1,00007,00001,00012
534,谢刚,dfan,2011-06-18,M,4,1,00003,00002,00100
535,李军,wei48,2018-01-04,M,6,1,00010,00002,00030
536,朱丽娟,qzeng,2016-04-22,F,4,1,00007,00001,00078
537,李桂兰,longlei,2018-10-07,F,4,1,00002,00001,00081
538,臧淑华,fang64,2011-08-03,F,6,1,00006,00002,00040
539,徐燕,rxiong,2016-08-27,F,5,1,00006,00002,00078
540,刘玲,xiongxia,2011-09-17,F,5,1,00007,00000,00036
541,李佳,zhujuan,2015-02-17,M,6,1,00008,00000,00042
542,潘军,junli,2016-10-11,M,5,1,00006,00001,00060
543,柴秀云,namao,2014-10-17,F,4,1,00007,00001,00093
544,王林,qhan,2015-07-10,F,5,1,00010,00001,00088
545,罗萍,yan53,2012-04-30,M,4,1,00004,00002,00074
546,张玉珍,fang55,2012-04-02,M,4,1,00004,00000,00053
547,张建平,taoluo,2011-03-08,F,4,1,00010,00000,00100
548,潘秀云,xiaduan,2018-11-22,M,6,1,00006,00002,00013
549,姜洋,jiangjing,2012-03-16,F,4,1,00003,00000,00051
550,郎彬,yongqin,2018-09-26,M,5,1,00005,00002,00041
551,张超,leizhao,2017-05-23,M,6,1,00000,00001,00010
552,朱晨,jzeng,2017-12-19,F,5,1,00000,00000,00035
553,马秀云,fang35,2018-09-24,M,6,1,00002,00000,00030
554,张云,xia40,2012-04-14,F,4,1,00002,00002,00055
555,沈婷,jianggang,2017-02-02,M,5,1,00005,00002,00005
556,管林,xia96,2018-09-13,M,5,1,00009,00000,00002
557,黄宇,yanghan,2018-08-20,M,5,1,00006,00000,00014
558,陈志强,li48,2018-06-20,F,5,1,00005,00000,00049
559,刘阳,maoxia,2019-05-29,F,5,1,00003,00000,00001
560,刘淑华,liaoyong,2015-09-05,M,6,1,00004,00002,00016
561,侯莹,tao16,2014-09-13,F,5,1,00005,00001,00098
562,颜小红,xiameng,2018-03-28,M,5,1,00010,00002,00041
563,吴凤兰,xuli,2013-04-09,F,5,1,00004,00002,00056
564,李欢,izou,2016-05-28,F,6,1,00008,00000,00008
565,卿淑英,wei19,2011-01-29,F,6,1,00010,00002,00058
566,张桂珍,xiulanguo,2017-05-06,M,4,1,00008,00002,00093
567,颜文,xiabai,2018-04-22,M,5,1,00008,00000,00007
568,郭丽华,gongmin,2011-12-24,M,4,1,00003,00002,00040
569,石桂花,chaopeng,2012-12-08,M,4,1,00005,00002,00005
570,张琴,weiyong,2015-10-09,M,6,1,00000,00001,00025
571,李利,zengna,2015-02-22,M,6,1,00009,00001,00094
572,周健,aluo,2016-10-20,M,4,1,00001,00001,00051
573,董荣,tao85,2019-01-11,F,6,1,00003,00001,00042
574,赵博,wzheng,2017-08-10,F,6,1,00002,00001,00090
575,朱伟,ihe,2017-02-04,M,4,1,00007,00002,00037
576,沙凤兰,chengping,2011-06-24,F,4,1,00009,00001,00063
577,傅桂荣,xbai,2018-03-19,M,6,1,00005,00002,00087
578,浦利,xiongtao,2013-03-12,M,4,1,00003,00001,00010
579,黎燕,dshen,2018-09-24,F,5,1,00006,00001,00028
580,江小红,sunqiang,2013-01-05,F,4,1,00008,00001,00079
581,秦桂芝,fang69,2017-06-16,M,4,1,00010,00001,00059
582,苗秀兰,xuyang,2012-02-06,M,6,1,00006,00000,00040
583,周伟,stan,2019-05-24,M,5,1,00010,00000,00074
584,李欢,magang,2012-04-01,M,4,1,00009,00002,00041
585,刘倩,weichao,2011-04-26,F,6,1,00007,00000,00071
586,周杨,suchao,2016-08-09,F,4,1,00009,00001,00029
587,冷明,ming77,2017-10-13,M,4,1,00005,00001,00044
588,梁楠,jinglong,2013-12-01,F,6,1,00007,00002,00030
589,邓婷婷,wei12,2010-10-28,M,5,1,00008,00000,00016
590,张军,chenglei,2010-11-23,M,6,1,00009,00000,00022
591,杨想,gangzhong,2018-09-15,F,4,1,00003,00000,00036
592,林瑞,fumin,2013-06-07,M,5,1,00003,00000,00047
593,陈成,tcao,2013-06-06,F,6,1,00003,00000,00010
594,刘霞,blu,2012-11-10,F,6,1,00008,00000,00074
595,黄杰,ikang,2014-08-29,M,5,1,00007,00001,00025
596,李霞,sshen,2017-04-13,F,5,1,00010,00001,00031
597,许雷,gufang,2016-08-11,F,5,1,00009,00000,00092
598,刘坤,li06,2011-09-24,F,6,1,00003,00000,00070
599,王勇,juantan,2016-02-04,F,6,1,00006,00001,00065
600,张瑜,hlu,2017-11-07,M,4,1,00006,00000,00076
601,尹丽华,xiuying40,2018-08-05,M,5,1,00000,00000,00069
602,崔玉华,yongsong,2013-10-18,M,6,1,00001,00000,00070
603,李斌,kshi,2015-06-17,M,5,1,00010,00002,00059
604,文刚,lei39,2018-07-09,M,4,1,00010,00000,00097
605,曹丽,guiyingxiao,2014-10-25,M,5,1,00007,00000,00022
606,许凤兰,fang37,2014-08-06,F,4,1,00007,00001,00064
607,史桂珍,hjiang,2012-05-12,F,5,1,00002,00002,00099
608,李雪梅,xiulan79,2017-04-22,M,4,1,00002,00000,00003
609,杨彬,guiying31,2012-12-28,M,4,1,00002,00000,00028
610,王燕,jpeng,2018-05-12,F,4,1,00010,00002,00044
611,阚杰,ping42,2017-06-08,F,6,1,00009,00000,00053
612,张阳,guiyinggao,2015-04-29,M,4,1,00005,00002,00022
613,方小红,chao83,2019-03-18,M,6,1,00009,00002,00040
614,鲁英,jintao,2014-09-11,M,4,1,00010,00002,00087
615,刘楠,xia52,2017-11-14,F,4,1,00009,00002,00066
616,刘宇,jiejin,2016-05-29,F,4,1,00005,00000,00068
617,严雷,jiexie,2013-11-05,F,5,1,00009,00000,00028
618,张丽丽,ming01,2015-04-25,M,4,1,00000,00000,00002
619,郭琴,zengming,2016-01-22,F,5,1,00006,00000,00011
620,孙华,ganglei,2010-12-15,F,4,1,00002,00000,00060
621,吴鹏,qdong,2018-08-25,F,5,1,00002,00002,00024
622,罗秀芳,yangxiulan,2015-07-23,M,4,1,00004,00002,00064
623,马平,ping66,2018-02-06,F,6,1,00002,00002,00081
624,樊秀英,afang,2017-02-14,F,5,1,00004,00002,00088
625,唐阳,chao04,2015-11-03,M,4,1,00007,00000,00002
626,王静,xialin,2012-04-15,M,4,1,00006,00002,00100
627,王英,gangxu,2019-02-20,M,6,1,00006,00000,00009
628,谭斌,jsun,2013-07-18,F,5,1,00008,00001,00041
629,陈金凤,jpan,2015-01-14,M,4,1,00003,00002,00076
630,杨梅,uxie,2016-06-26,F,5,1,00003,00000,00085
631,俞想,qshen,2010-12-30,F,6,1,00009,00002,00002
632,王秀珍,xiulanzhang,2011-04-07,M,6,1,00010,00001,00082
633,张璐,bfan,2016-11-09,F,6,1,00004,00001,00080
634,陈婷,juan94,2010-12-02,M,6,1,00007,00001,00061
635,彭霞,chao92,2018-01-29,F,5,1,00002,00002,00075
636,王瑜,lyin,2014-02-21,F,6,1,00006,00001,00098
637,林兵,icai,2018-09-29,M,6,1,00005,00001,00064
638,张秀华,xia51,2016-02-19,F,6,1,00003,00000,00049
639,郭超,yichao,2015-04-17,F,5,1,00003,00002,00066
640,林桂珍,jie99,2016-12-12,F,5,1,00003,00001,00028
641,杨秀英,xiamo,2010-08-16,F,6,1,00007,00001,00066
642,陈军,fluo,2017-01-23,M,5,1,00008,00002,00011
643,马坤,hzheng,2015-09-06,F,6,1,00002,00000,00077
644,张倩,pingjin,2014-09-22,M,4,1,00008,00002,00062
645,李欣,yang62,2015-12-30,F,5,1,00003,00001,00036
646,夏丽,jieduan,2017-12-22,M,4,1,00010,00000,00050
647,贾桂荣,ming80,2018-05-30,M,5,1,00004,00000,00031
648,张淑珍,jiekang,2014-10-01,M,4,1,00003,00000,00023
649,郑秀兰,taodeng,2013-04-28,F,4,1,00006,00001,00005
650,王霞,bjin,2011-02-06,F,4,1,00004,00000,00080
651,杨帆,yuanlei,2016-12-15,M,4,1,00001,00000,00028
652,张阳,gqiu,2011-05-06,F,5,1,00006,00002,00078
653,花秀荣,yangjie,2013-09-02,M,6,1,00007,00000,00014
654,张丽丽,jing38,2013-09-29,M,6,1,00004,00001,00000
655,许荣,yanye,2019-04-25,F,5,1,00005,00001,00086
656,陈利,juan26,2013-02-18,M,5,1,00010,00001,00021
657,金桂珍,zengna,2018-12-06,M,6,1,00003,00001,00008
658,张凤英,guiyinghuang,2018-06-24,F,6,1,00002,00000,00035
659,陈海燕,taomeng,2016-03-25,F,6,1,00010,00000,00087
660,郭涛,renli,2015-04-28,M,4,1,00006,00002,00051
661,安波,yong68,2015-11-18,F,5,1,00000,00001,00077
662,冯帆,xiamin,2019-01-15,M,5,1,00007,00002,00047
663,熊成,ihuang,2014-02-27,F,4,1,00003,00000,00091
664,孔凤兰,mingliang,2017-06-13,F,5,1,00001,00001,00059
665,徐凤兰,jingliao,2017-07-15,F,4,1,00009,00001,00011
666,顾燕,chaoliao,2016-06-23,F,6,1,00006,00002,00007
667,陈俊,jjin,2018-01-29,M,5,1,00007,00002,00064
668,张桂芳,wangmin,2011-09-26,F,4,1,00008,00000,00059
669,方英,wei37,2015-05-28,F,6,1,00010,00002,00010
670,张伟,tangna,2010-11-19,M,6,1,00003,00001,00094
671,李莉,mayan,2014-07-23,M,5,1,00002,00000,00056
672,胡博,xia09,2013-12-04,M,6,1,00006,00002,00014
673,尚琴,jing63,2017-09-20,M,4,1,00007,00001,00024
674,梁秀芳,jing98,2016-07-05,M,6,1,00002,00001,00047
675,李雪梅,fanghu,2013-11-13,F,4,1,00007,00001,00095
676,孙桂芳,chao27,2017-08-29,M,4,1,00006,00002,00067
677,杨雷,uhe,2013-07-26,F,4,1,00005,00002,00089
678,苏莹,liangping,2010-12-01,M,6,1,00007,00000,00006
679,孙亮,jiangtao,2013-07-13,F,6,1,00010,00002,00057
680,蓝丽丽,pingguo,2016-07-21,F,6,1,00003,00000,00075
681,毛桂英,pingxue,2018-07-17,F,5,1,00003,00000,00007
682,李霞,slong,2012-04-08,M,4,1,00000,00000,00088
683,陶芳,shaomin,2016-07-28,F,4,1,00009,00000,00073
684,兰丽华,fanyang,2013-08-23,M,6,1,00004,00001,00006
685,王宁,dongming,2012-01-20,F,4,1,00010,00002,00041
686,李云,baixiulan,2018-11-02,F,5,1,00002,00002,00027
687,林玉英,qiang48,2017-04-05,M,6,1,00009,00002,00063
688,黄静,qiang57,2013-10-23,F,4,1,00005,00002,00058
689,杨小红,jun12,2013-08-28,M,5,1,00002,00001,00073
690,焦凤英,ncheng,2012-03-10,M,4,1,00002,00000,00066
691,元璐,taoqiang,2014-02-27,F,5,1,00008,00000,00007
692,吕燕,junfan,2014-07-02,M,4,1,00010,00002,00013
693,陈敏,junlong,2019-02-10,M,6,1,00005,00002,00043
694,吴刚,lhe,2015-02-21,F,6,1,00004,00000,00012
695,植博,vren,2015-05-31,M,6,1,00001,00001,00058
696,赵林,zhongming,2014-05-25,M,6,1,00000,00000,00095
697,陈伟,xiulan49,2012-07-19,M,4,1,00005,00001,00076
698,刘桂香,xiuying84,2011-05-24,M,5,1,00005,00002,00072
699,刘雪,zsong,2014-05-04,M,5,1,00009,00002,00027
700,阮帅,nyu,2012-04-13,F,5,1,00009,00000,00040
701,王俊,li01,2011-09-01,M,6,1,00001,00000,00063
702,刘春梅,tcui,2014-04-13,F,5,1,00010,00000,00072
703,张桂珍,huangping,2017-07-02,M,5,1,00007,00000,00018
704,张建平,taoliang,2017-08-19,M,6,1,00010,00000,00051
705,应阳,yan10,2018-02-07,F,6,1,00002,00000,00052
706,郜畅,dongjing,2011-03-29,M,6,1,00000,00001,00006
707,雍强,juan95,2016-08-30,M,5,1,00002,00002,00024
708,钟玉兰,liaoyang,2016-09-21,F,4,1,00010,00000,00092
709,曾倩,oyao,2018-03-11,F,4,1,00004,00001,00082
710,赵杰,jun74,2015-12-20,M,4,1,00004,00001,00099
711,周文,taoyao,2018-05-20,M,4,1,00008,00001,00043
712,戴超,kongxiulan,2012-09-13,F,4,1,00000,00002,00015
713,潘丽华,dingjun,2015-08-19,M,6,1,00006,00002,00082
714,李建,liaochao,2017-02-03,M,6,1,00002,00002,00061
715,王秀梅,yangfan,2011-02-03,F,6,1,00008,00000,00059
716,李小红,xiulan00,2011-11-03,M,4,1,00010,00002,00051
717,徐秀珍,duanjie,2013-04-05,F,6,1,00000,00002,00055
718,周洁,fang73,2013-09-17,M,6,1,00003,00002,00064
719,杨军,sliang,2014-01-15,M,6,1,00010,00000,00047
720,李建国,taoli,2015-12-02,F,4,1,00009,00000,00006
721,牛桂芝,wsong,2012-05-31,M,5,1,00004,00000,00043
722,邓丽华,liuping,2015-02-27,M,5,1,00009,00001,00057
723,仇冬梅,xsong,2012-01-17,F,6,1,00002,00000,00082
724,边建,moxiuying,2014-04-25,F,5,1,00000,00002,00089
725,章建华,yangyan,2012-08-27,F,5,1,00003,00000,00095
726,谢文,tanggang,2013-11-24,M,6,1,00008,00000,00073
727,周秀华,yongyang,2014-04-02,F,4,1,00010,00000,00092
728,刘峰,xiagu,2018-07-15,F,6,1,00009,00001,00088
729,包秀珍,tangguiying,2013-11-19,F,5,1,00008,00002,00056
730,赵楠,oxia,2017-06-04,M,4,1,00005,00001,00019
731,梁俊,hyan,2013-03-09,M,5,1,00006,00000,00056
732,黄建军,juncui,2015-10-30,M,4,1,00007,00000,00049
733,张健,mingxue,2015-01-16,F,4,1,00001,00000,00096
734,杨雷,sliu,2012-10-14,M,6,1,00005,00002,00068
735,韦桂芳,ohe,2011-10-02,M,6,1,00001,00000,00093
736,刘秀华,qiangyang,2012-10-27,F,5,1,00008,00000,00069
737,曹宇,hbai,2013-07-23,F,5,1,00002,00001,00062
738,伍建华,liangxiuying,2014-04-11,F,6,1,00010,00002,00098
739,吴浩,tangjuan,2012-12-02,F,4,1,00006,00000,00034
740,蒋桂花,jingye,2018-04-24,M,5,1,00008,00002,00012
741,施鑫,olei,2011-07-29,F,5,1,00002,00000,00006
742,孔博,taoguiying,2018-02-16,F,6,1,00007,00000,00014
743,张莹,dyi,2018-08-17,F,4,1,00007,00002,00092
744,吴玉珍,twei,2014-11-20,F,4,1,00001,00000,00074
745,罗利,rqian,2015-02-07,F,4,1,00006,00002,00019
746,邓桂花,ayuan,2013-11-01,F,5,1,00008,00000,00019
747,贺想,jingliao,2016-09-01,F,6,1,00002,00002,00020
748,萧秀荣,taozeng,2010-11-01,M,5,1,00007,00000,00016
749,兰红,li64,2011-08-18,M,5,1,00010,00002,00015
750,聂娟,jie26,2011-10-12,M,6,1,00003,00000,00061
751,张强,xiulanyao,2013-03-23,F,5,1,00003,00002,00017
752,史莉,oyi,2016-12-13,F,5,1,00001,00001,00000
753,王桂英,duanmin,2014-06-12,M,5,1,00010,00001,00051
754,林璐,lichang,2016-04-30,F,4,1,00006,00002,00005
755,范荣,yong27,2011-09-21,F,5,1,00005,00000,00020
756,杨淑华,haolei,2012-03-25,F,5,1,00007,00000,00070
757,黄淑珍,jungao,2015-12-20,M,6,1,00003,00001,00037
758,傅文,pingqiao,2013-11-05,M,5,1,00006,00002,00019
759,陈桂香,juanding,2017-05-23,F,6,1,00009,00002,00067
760,董畅,zhangchao,2016-02-10,F,6,1,00003,00000,00100
761,胡峰,pwei,2011-10-12,M,6,1,00009,00001,00076
762,马楠,qianghu,2017-09-15,F,6,1,00008,00002,00095
763,刘桂香,xugang,2018-08-05,M,6,1,00001,00001,00042
764,杨玉珍,xiawu,2014-09-20,M,4,1,00000,00000,00052
765,马秀英,npeng,2014-03-17,F,5,1,00001,00002,00010
766,潘丽,yongshi,2016-02-17,F,6,1,00004,00000,00052
767,魏帅,xiulan12,2011-06-14,F,6,1,00004,00002,00026
768,李丽娟,mayan,2010-12-25,F,4,1,00003,00001,00038
769,王帆,jie35,2015-08-03,F,4,1,00010,00001,00036
770,陈颖,chaopan,2012-10-31,M,6,1,00007,00000,00014
771,邹小红,gren,2013-10-29,M,4,1,00004,00002,00068
772,毛霞,tzhong,2014-12-10,F,5,1,00010,00002,00040
773,董金凤,tgu,2015-03-18,M,5,1,00004,00001,00044
774,丁建平,chaoyang,2019-01-27,F,4,1,00007,00001,00072
775,贾勇,tjin,2018-05-21,M,6,1,00000,00001,00014
776,萧雷,yiqiang,2011-05-12,M,4,1,00003,00000,00014
777,罗峰,wangjing,2014-06-15,M,6,1,00000,00001,00068
778,谢莉,caowei,2019-04-12,F,5,1,00003,00001,00076
779,陈东,qiangzhou,2013-12-12,M,5,1,00006,00000,00043
780,张柳,shijuan,2018-06-21,M,4,1,00001,00000,00032
781,孙春梅,yuanjing,2012-05-15,M,6,1,00006,00001,00088
782,刘兵,wfang,2019-07-07,M,6,1,00003,00000,00009
783,孙成,tanyang,2014-07-21,M,4,1,00010,00002,00050
784,赵婷,cuiyong,2017-03-20,M,6,1,00004,00000,00026
785,傅雪梅,xia11,2014-11-15,M,5,1,00003,00000,00072
786,谢玉华,malei,2015-04-03,F,4,1,00006,00000,00032
787,黄红梅,chaoxia,2019-05-30,F,6,1,00000,00002,00000
788,任利,eqin,2013-05-27,F,5,1,00003,00002,00069
789,庞丹,sunjie,2011-12-20,M,6,1,00007,00002,00075
790,秦欢,songgang,2012-09-22,M,5,1,00006,00002,00026
791,李兵,jma,2010-10-16,M,4,1,00007,00001,00060
792,苏建军,lichen,2011-09-18,F,6,1,00008,00000,00082
793,黄健,nazheng,2014-09-09,M,4,1,00001,00000,00022
794,梅伟,guiyingyi,2017-11-26,M,5,1,00002,00000,00045
795,周婷婷,caichao,2014-08-08,F,4,1,00006,00000,00013
796,许静,pli,2012-10-13,M,4,1,00000,00002,00062
797,黄斌,wenjing,2014-09-07,F,4,1,00002,00002,00031
798,高梅,mincheng,2013-06-14,M,4,1,00005,00000,00094
799,田琴,juancao,2012-09-04,F,4,1,00002,00000,00061
800,何佳,yong72,2014-04-09,F,6,1,00005,00000,00026
801,李龙,qiang53,2017-08-25,M,5,1,00007,00001,00096
802,李桂兰,jun82,2018-01-27,M,5,1,00000,00000,00042
803,练琴,gang07,2012-11-01,F,6,1,00000,00001,00006
804,张婷,yandong,2015-12-17,F,5,1,00006,00000,00032
805,钟琳,chao57,2017-09-26,M,6,1,00008,00000,00069
806,林洁,xiafeng,2012-01-30,F,6,1,00007,00001,00019
807,韦建,pingtao,2012-07-09,M,6,1,00004,00000,00074
808,王勇,stan,2014-02-10,M,5,1,00008,00000,00045
809,李佳,gfeng,2015-11-16,M,5,1,00006,00001,00006
810,萧丹,qiuna,2017-07-30,F,4,1,00003,00001,00097
811,马颖,lkong,2016-11-01,F,4,1,00008,00000,00033
812,王婷婷,qren,2017-11-02,F,5,1,00005,00000,00090
813,魏娟,vguo,2012-12-21,M,6,1,00001,00001,00029
814,张冬梅,azhong,2016-12-04,F,4,1,00003,00001,00085
815,童健,gangzhang,2014-08-13,M,4,1,00009,00000,00003
816,管敏,fang71,2013-05-03,F,5,1,00003,00002,00033
817,李明,cuina,2011-06-09,F,6,1,00004,00000,00026
818,蒋坤,izou,2010-09-03,F,4,1,00005,00001,00061
819,杨飞,mzhong,2017-03-08,F,5,1,00000,00002,00097
820,刘成,jingfan,2015-05-02,F,5,1,00006,00001,00029
821,张刚,yanluo,2015-01-26,M,4,1,00002,00002,00048
822,张飞,ming73,2014-03-30,F,4,1,00008,00002,00041
823,黄华,caigang,2019-02-07,F,4,1,00006,00000,00047
824,丁平,nwei,2018-03-11,F,5,1,00004,00000,00024
825,林涛,tmao,2017-11-02,M,5,1,00007,00000,00075
826,曹秀荣,hanmin,2016-01-07,F,6,1,00009,00000,00085
827,刘鑫,kshi,2012-11-07,F,4,1,00010,00000,00074
828,王丽,duming,2016-10-09,M,5,1,00008,00000,00037
829,董凤英,jun56,2015-02-09,F,4,1,00007,00000,00070
830,李丽娟,btao,2015-08-12,M,4,1,00007,00001,00018
831,陈静,hyang,2017-10-21,F,4,1,00009,00000,00040
832,杨勇,zhonglei,2014-11-22,M,6,1,00002,00001,00007
833,贺玉英,mingzeng,2012-02-11,M,4,1,00007,00001,00064
834,高春梅,maojie,2015-12-26,F,4,1,00010,00000,00042
835,陈帅,jiegao,2010-08-06,M,4,1,00010,00001,00065
836,刘伟,hanyang,2018-12-09,M,5,1,00006,00002,00047
837,谷强,linjun,2013-07-11,F,6,1,00003,00002,00049
838,唐桂荣,lima,2019-05-21,F,6,1,00004,00001,00075
839,赵丽,blei,2017-02-19,M,5,1,00007,00002,00012
840,袁雪梅,qiang73,2013-02-21,F,5,1,00003,00002,00031
841,陈成,chao22,2017-09-15,F,4,1,00008,00002,00052
842,尚志强,vhou,2015-08-28,M,4,1,00010,00002,00079
843,文秀芳,jing46,2013-12-04,F,4,1,00008,00002,00039
844,李秀梅,cshi,2014-03-16,F,6,1,00002,00001,00008
845,季杨,iding,2017-05-09,M,5,1,00000,00002,00048
846,胡玉珍,xiawei,2013-01-15,F,4,1,00007,00002,00024
847,萧军,wei21,2017-02-18,M,4,1,00005,00002,00018
848,沙桂兰,xiaxu,2018-04-16,M,5,1,00003,00000,00023
849,郭丽,edeng,2017-12-13,M,4,1,00003,00000,00039
850,常萍,gang22,2016-11-15,M,5,1,00005,00002,00033
851,刘淑英,qiangxiang,2016-10-11,M,5,1,00000,00001,00046
852,张金凤,yong93,2011-06-29,M,6,1,00009,00000,00026
853,任桂芳,cdeng,2011-05-22,F,6,1,00000,00001,00012
854,吴成,qianjing,2011-12-04,F,4,1,00000,00000,00066
855,徐颖,taowei,2017-01-03,M,5,1,00009,00001,00025
856,赵萍,jiegong,2018-11-15,M,4,1,00010,00001,00061
857,朱晨,xiuying73,2017-01-06,M,4,1,00009,00001,00009
858,王平,ping93,2015-11-23,M,4,1,00008,00000,00002
859,邓浩,chu,2017-10-24,M,5,1,00002,00002,00057
860,龙志强,ganghao,2018-01-20,M,4,1,00000,00001,00015
861,高彬,fwang,2012-12-31,F,4,1,00001,00002,00020
862,王秀兰,fang94,2015-11-30,F,6,1,00004,00002,00070
863,王雪,mma,2017-12-24,M,4,1,00008,00000,00038
864,王欢,cye,2017-01-16,M,5,1,00009,00001,00082
865,谢玉,taofu,2014-07-12,M,4,1,00009,00002,00032
866,沈旭,junyin,2014-03-31,M,4,1,00006,00002,00059
867,林荣,taoliang,2013-11-09,F,4,1,00003,00000,00013
868,王波,pingshen,2016-02-26,M,4,1,00001,00002,00089
869,王亮,eshen,2018-11-04,M,6,1,00005,00002,00074
870,刘娜,pingyao,2013-06-01,F,5,1,00005,00000,00087
871,宋云,zgao,2019-03-16,M,6,1,00009,00000,00019
872,刘雷,chaotao,2016-11-02,M,4,1,00009,00001,00090
873,祝雪,li57,2017-02-08,F,5,1,00010,00002,00004
874,管娟,li61,2015-03-23,F,4,1,00003,00002,00069
875,程婷婷,zyi,2015-01-20,F,6,1,00010,00001,00073
876,沈柳,qinchao,2018-04-08,M,5,1,00010,00001,00044
877,蔡文,xiuyingzhao,2013-12-20,M,5,1,00003,00000,00011
878,周琴,hanxiuying,2011-03-13,M,4,1,00002,00001,00028
879,张梅,yang49,2012-03-25,M,6,1,00009,00002,00045
880,王楠,leixiang,2011-12-02,F,5,1,00005,00000,00064
881,段玉华,min27,2010-10-28,F,6,1,00009,00000,00086
882,郝岩,kongping,2012-01-05,F,4,1,00001,00002,00075
883,袁慧,na38,2016-10-08,F,6,1,00004,00002,00050
884,戴东,yanxiulan,2012-01-11,F,6,1,00001,00001,00041
885,施楠,qiang49,2012-02-29,M,4,1,00005,00000,00054
886,赵淑华,zhangyan,2014-02-14,F,6,1,00010,00000,00065
887,龙伟,ydong,2012-04-22,F,5,1,00006,00000,00048
888,赵婷,caoxiuying,2017-02-25,M,5,1,00007,00000,00033
889,韩桂英,lxia,2018-12-06,F,4,1,00010,00001,00057
890,蔡建华,xia48,2012-03-11,F,6,1,00005,00002,00002
891,王建,qiuxiuying,2013-09-27,F,5,1,00007,00000,00084
892,丁俊,kongming,2019-07-28,M,6,1,00006,00002,00028
893,戴桂香,jun92,2011-05-10,M,5,1,00009,00000,00008
894,黄玉,shenyang,2011-05-04,M,6,1,00003,00001,00046
895,梁秀英,rtan,2017-11-13,M,4,1,00008,00002,00074
896,曾彬,hgu,2012-05-09,F,4,1,00007,00002,00012
897,李志强,xiangxiulan,2017-06-21,F,6,1,00008,00001,00014
898,党琴,pingcai,2013-06-21,F,4,1,00005,00000,00062
899,张军,pingliang,2017-04-16,F,6,1,00002,00000,00007
900,陈玉梅,haoqiang,2016-09-13,M,4,1,00005,00002,00013
901,王楠,caoxiuying,2011-01-03,F,5,1,00003,00002,00092
902,何梅,yong33,2011-07-10,F,5,1,00001,00001,00089
903,李斌,yong33,2018-06-10,F,5,1,00004,00001,00039
904,吴帅,cxiong,2013-09-10,F,6,1,00001,00000,00006
905,吴琳,xiulan13,2011-05-09,M,5,1,00004,00001,00035
906,杨桂兰,wanwei,2011-07-31,M,4,1,00003,00001,00089
907,高波,sfu,2014-12-05,F,5,1,00008,00002,00074
908,杨丽华,chao43,2013-10-23,M,4,1,00003,00002,00006
909,李冬梅,kxu,2012-02-03,F,4,1,00005,00000,00029
910,张宇,xiongmin,2012-07-27,F,6,1,00006,00002,00042
911,谭洋,jing00,2019-04-12,M,6,1,00006,00002,00047
912,黄畅,yong58,2018-11-30,M,4,1,00001,00002,00006
913,张艳,daigang,2011-05-09,F,5,1,00001,00002,00065
914,谢佳,yong61,2018-08-11,M,4,1,00007,00002,00036
915,庄秀珍,yang50,2019-05-05,M,6,1,00007,00002,00058
916,邹敏,suyan,2019-02-09,M,6,1,00003,00001,00099
917,纪军,baiyong,2019-04-13,F,4,1,00006,00000,00072
918,曾畅,zgong,2017-01-31,F,6,1,00001,00002,00067
919,蔡琴,ekang,2010-10-09,F,6,1,00006,00002,00020
920,魏秀芳,min41,2019-05-22,F,4,1,00004,00002,00023
921,邱伟,guiyingdai,2012-04-23,F,4,1,00005,00002,00005
922,张秀梅,qwan,2018-03-25,M,6,1,00003,00001,00082
923,顾伟,xufang,2014-04-18,F,6,1,00007,00000,00046
924,黄莹,guiyingdong,2013-03-16,M,4,1,00005,00001,00021
925,梁秀梅,guiying79,2017-05-02,M,5,1,00008,00001,00041
926,沈佳,tao34,2016-03-10,M,4,1,00005,00001,00005
927,杨斌,juanlai,2011-02-17,M,4,1,00008,00000,00074
928,陈桂香,vgong,2012-04-18,F,6,1,00008,00001,00074
929,孙桂芝,jie35,2012-07-30,M,5,1,00005,00001,00022
930,朱建军,juan41,2018-08-19,M,5,1,00007,00002,00031
931,鲍婷,mingzhang,2019-04-03,F,4,1,00008,00001,00068
932,王帆,minwu,2017-06-15,F,6,1,00009,00001,00095
933,陈宇,qxia,2015-04-21,F,6,1,00007,00001,00018
934,任瑜,xiegang,2013-05-08,M,5,1,00003,00000,00069
935,覃雪,yan14,2012-09-03,F,5,1,00000,00002,00094
936,侯丽华,guiyinglu,2011-12-12,F,6,1,00008,00001,00080
937,杨斌,na99,2013-09-13,F,5,1,00001,00002,00094
938,刘秀华,xiaoli,2013-01-21,M,4,1,00003,00002,00100
939,鞠岩,xiacao,2019-04-01,F,4,1,00001,00001,00096
940,覃秀英,jiefang,2017-09-16,F,5,1,00003,00001,00035
941,黄洁,wujun,2018-04-18,F,5,1,00004,00001,00043
942,邢成,isu,2011-02-24,M,4,1,00004,00001,00077
943,郭淑兰,chaokang,2014-03-14,M,5,1,00000,00002,00038
944,曹淑英,xiuyinghan,2014-08-05,F,5,1,00010,00002,00053
945,胡超,liuguiying,2016-05-15,F,5,1,00006,00002,00051
946,荆雪梅,yong80,2019-01-10,M,6,1,00009,00002,00077
947,曹佳,mwang,2019-02-14,M,5,1,00003,00000,00097
948,王淑英,guiyinghu,2012-06-18,F,6,1,00007,00002,00045
949,谈莉,junchang,2018-05-04,M,5,1,00008,00000,00081
950,尚雷,yongsu,2010-10-31,F,5,1,00005,00001,00074
951,郑霞,mengyang,2016-07-27,M,5,1,00009,00001,00100
952,赵建国,mindai,2011-12-01,F,5,1,00005,00001,00063
953,张明,haoming,2013-04-21,F,5,1,00005,00001,00043
954,罗旭,xmo,2010-11-28,M,5,1,00006,00002,00008
955,韦斌,fxia,2019-04-28,M,5,1,00004,00002,00010
956,崔秀荣,sqian,2011-08-19,M,5,1,00008,00002,00058
957,刘金凤,shiyang,2013-12-28,M,6,1,00004,00001,00045
958,曾峰,yan14,2010-09-24,F,6,1,00003,00002,00035
959,孔敏,fang84,2017-10-30,F,4,1,00005,00001,00016
960,曾燕,yan79,2014-02-04,M,6,1,00001,00001,00034
961,汪建平,jingtao,2016-08-18,M,6,1,00004,00002,00099
962,林秀华,junyao,2015-03-13,M,4,1,00010,00000,00034
963,赵宇,fang12,2015-11-15,M,6,1,00004,00001,00091
964,仲海燕,yanhan,2015-05-11,F,6,1,00004,00000,00011
965,武宁,gangkong,2016-04-01,M,6,1,00009,00002,00088
966,刘燕,songxia,2012-01-30,M,6,1,00001,00001,00052
967,阎艳,jiayang,2012-04-23,F,4,1,00005,00000,00097
968,顾琴,mingcheng,2012-06-16,M,5,1,00000,00002,00031
969,毛冬梅,yemin,2012-12-11,F,5,1,00004,00002,00058
970,金建军,scheng,2017-02-03,F,4,1,00009,00002,00044
971,朱建,guiyingyuan,2017-11-03,F,6,1,00001,00002,00089
972,朱秀芳,guiyingxu,2017-04-28,M,5,1,00009,00001,00018
973,王雪梅,mzou,2017-07-27,F,5,1,00010,00000,00045
974,王兰英,otao,2014-03-17,F,6,1,00001,00001,00099
975,王雪梅,afeng,2016-12-06,F,4,1,00010,00000,00045
976,王杰,na36,2013-02-09,M,6,1,00005,00000,00033
977,李倩,gzheng,2015-05-19,M,5,1,00008,00000,00072
978,王强,wxia,2011-04-29,F,5,1,00005,00000,00038
979,萧利,cxiong,2013-08-30,F,5,1,00000,00000,00068
980,马健,hulei,2013-07-29,F,5,1,00004,00001,00058
981,曹玉,weigang,2012-01-18,F,6,1,00009,00000,00006
982,王磊,lugang,2016-05-04,F,4,1,00004,00001,00028
983,宋冬梅,qiaojuan,2017-06-20,F,5,1,00007,00002,00047
984,刘红梅,mqiu,2012-12-15,M,5,1,00004,00001,00091
985,颜琳,gongyang,2014-03-17,F,5,1,00001,00000,00004
986,梁凤英,chengming,2018-11-12,F,5,1,00008,00001,00072
987,李彬,zhangjing,2011-11-11,F,5,1,00009,00002,00028
988,钟志强,lzhu,2010-09-03,F,6,1,00006,00001,00042
989,贺鹏,xia09,2012-05-17,M,6,1,00010,00002,00051
990,王玉华,leiyuan,2018-07-14,F,6,1,00003,00002,00037
991,蔡鑫,nlei,2017-06-24,M,5,1,00007,00000,00089
992,黄雪梅,yinna,2012-06-16,M,6,1,00009,00002,00085
993,徐畅,junluo,2011-10-03,F,5,1,00000,00000,00069
994,韦阳,nahan,2013-08-18,M,6,1,00008,00000,00050
995,杨丽,fanglai,2015-03-05,M,4,1,00002,00001,00043
996,谢林,ixue,2019-06-27,M,4,1,00010,00001,00083
997,高成,guiying69,2018-07-20,F,4,1,00007,00000,00067
998,李凤兰,ming09,2015-12-15,M,4,1,00005,00000,00041
999,张兰英,renping,2013-04-04,M,4,1,00010,00001,00020
