item_id,create_time,warehouse_id,exist_state,color_id,item_type_id
000000000000000,2019-05-24,00004,1,,0005
000000000000001,2019-04-17,00005,1,,0009
000000000000002,2018-09-26,00009,0,,0009
000000000000003,2012-02-19,00005,1,,0002
000000000000004,2014-05-14,00008,1,,0001
000000000000005,2020-01-31,00000,0,,0000
000000000000006,2012-06-20,00001,0,,0001
000000000000007,2012-05-17,00005,1,,0005
000000000000008,2016-02-09,00008,1,,0007
000000000000009,2016-03-29,00006,0,,0001
000000000000010,2016-10-13,00000,0,,0001
000000000000011,2017-05-03,00000,0,,0008
000000000000012,2020-02-20,00001,1,,0009
000000000000013,2014-05-15,00006,0,,0000
000000000000014,2019-07-28,00007,1,,0000
000000000000015,2012-06-20,00009,1,,0005
000000000000016,2013-05-06,00004,0,,0006
000000000000017,2019-04-01,00004,0,,0001
000000000000018,2013-09-18,00007,0,,0009
000000000000019,2019-08-23,00007,0,,0002
000000000000020,2016-05-31,00009,0,,0008
000000000000021,2019-09-08,00005,0,,0000
000000000000022,2019-07-26,00006,1,,0005
000000000000023,2019-08-07,00004,0,,0001
000000000000024,2020-02-28,00002,1,,0006
000000000000025,2012-11-22,00004,0,,0000
000000000000026,2014-10-06,00008,0,,0001
000000000000027,2015-01-27,00008,1,,0003
000000000000028,2017-05-04,00001,1,,0000
000000000000029,2019-04-02,00002,1,,0008
000000000000030,2012-09-18,00002,1,,0006
000000000000031,2019-04-24,00002,1,,0003
000000000000032,2012-08-18,00006,0,,0003
000000000000033,2019-04-07,00006,1,,0004
000000000000034,2013-03-03,00003,0,,0008
000000000000035,2018-09-16,00009,0,,0007
000000000000036,2018-05-08,00003,0,,0002
000000000000037,2020-07-09,00008,1,,0000
000000000000038,2016-07-03,00003,0,,0008
000000000000039,2012-11-13,00000,0,,0002
000000000000040,2017-05-08,00008,0,,0009
000000000000041,2012-10-15,00003,1,,0008
000000000000042,2014-07-30,00005,0,,0009
000000000000043,2018-08-04,00003,1,,0005
000000000000044,2020-06-09,00009,0,,0006
000000000000045,2017-09-05,00004,1,,0000
000000000000046,2011-10-16,00008,0,,0004
000000000000047,2012-10-26,00000,0,,0000
000000000000048,2015-08-20,00008,1,,0009
000000000000049,2017-12-29,00007,0,,0008
000000000000050,2016-09-26,00002,0,,0002
000000000000051,2018-01-22,00000,1,,0000
000000000000052,2013-03-06,00005,1,,0009
000000000000053,2020-01-12,00009,1,,0008
000000000000054,2013-10-06,00005,0,,0008
000000000000055,2014-08-16,00003,0,,0001
000000000000056,2012-02-14,00002,0,,0003
000000000000057,2012-07-19,00008,1,,0006
000000000000058,2014-08-17,00003,0,,0004
000000000000059,2015-04-04,00005,0,,0007
000000000000060,2016-02-07,00007,1,,0000
000000000000061,2012-03-18,00009,0,,0009
000000000000062,2014-08-14,00000,0,,0007
000000000000063,2019-09-28,00008,1,,0006
000000000000064,2018-10-09,00002,0,,0000
000000000000065,2020-05-24,00002,1,,0002
000000000000066,2012-07-09,00004,0,,0001
000000000000067,2020-07-24,00007,0,,0000
000000000000068,2015-01-10,00004,1,,0005
000000000000069,2015-08-20,00001,1,,0003
000000000000070,2019-03-26,00004,0,,0002
000000000000071,2013-07-10,00000,0,,0001
000000000000072,2016-01-11,00005,0,,0005
000000000000073,2017-05-04,00004,1,,0009
000000000000074,2017-07-17,00006,0,,0001
000000000000075,2018-10-26,00009,1,,0002
000000000000076,2019-07-18,00009,1,,0003
000000000000077,2017-01-07,00002,1,,0009
000000000000078,2015-07-17,00005,0,,0000
000000000000079,2018-08-25,00005,1,,0008
000000000000080,2018-12-02,00009,1,,0000
000000000000081,2014-11-12,00000,0,,0005
000000000000082,2019-01-22,00004,1,,0006
000000000000083,2020-06-02,00007,1,,0007
000000000000084,2019-03-16,00005,0,,0009
000000000000085,2020-03-14,00007,0,,0005
000000000000086,2012-09-22,00000,1,,0006
000000000000087,2012-10-27,00003,1,,0000
000000000000088,2015-07-03,00007,0,,0004
000000000000089,2017-07-02,00005,0,,0001
000000000000090,2019-02-21,00004,0,,0000
000000000000091,2014-10-30,00008,1,,0004
000000000000092,2016-09-19,00006,0,,0009
000000000000093,2014-09-11,00007,1,,0002
000000000000094,2018-03-14,00004,1,,0006
000000000000095,2017-11-11,00003,0,,0002
000000000000096,2014-10-29,00003,1,,0009
000000000000097,2019-09-22,00005,0,,0001
000000000000098,2013-08-19,00003,1,,0009
000000000000099,2012-09-09,00006,0,,0005
000000000000100,2020-04-09,00008,0,,0006
000000000000101,2012-09-08,00007,0,,0004
000000000000102,2012-09-13,00003,0,,0002
000000000000103,2015-12-09,00000,0,,0003
000000000000104,2013-04-27,00009,0,,0000
000000000000105,2015-02-26,00009,1,,0008
000000000000106,2019-10-18,00008,1,,0007
000000000000107,2011-10-17,00003,0,,0004
000000000000108,2015-05-07,00002,1,,0003
000000000000109,2016-07-16,00008,1,,0005
000000000000110,2014-05-08,00005,1,,0005
000000000000111,2016-03-16,00009,1,,0007
000000000000112,2020-07-07,00000,1,,0009
000000000000113,2016-11-28,00000,0,,0009
000000000000114,2014-11-19,00002,1,,0001
000000000000115,2019-01-26,00004,1,,0009
000000000000116,2012-08-15,00008,0,,0005
000000000000117,2018-01-22,00005,0,,0000
000000000000118,2016-03-01,00004,1,,0002
000000000000119,2016-11-22,00004,0,,0004
000000000000120,2016-02-25,00002,1,,0009
000000000000121,2020-06-24,00002,0,,0006
000000000000122,2015-05-26,00008,0,,0001
000000000000123,2012-09-21,00007,0,,0009
000000000000124,2017-07-24,00009,0,,0001
000000000000125,2012-08-16,00001,1,,0005
000000000000126,2017-05-31,00000,1,,0002
000000000000127,2014-01-25,00003,1,,0000
000000000000128,2018-09-21,00008,1,,0003
000000000000129,2014-08-23,00007,1,,0004
000000000000130,2019-11-13,00002,1,,0004
000000000000131,2016-05-27,00004,1,,0002
000000000000132,2019-09-03,00006,0,,0000
000000000000133,2016-01-06,00005,0,,0002
000000000000134,2012-05-18,00009,1,,0007
000000000000135,2014-01-10,00004,1,,0004
000000000000136,2019-06-16,00002,1,,0009
000000000000137,2012-04-03,00000,0,,0003
000000000000138,2013-04-05,00000,1,,0003
000000000000139,2014-03-17,00006,1,,0001
000000000000140,2016-11-10,00005,1,,0003
000000000000141,2018-07-30,00000,0,,0002
000000000000142,2015-07-27,00009,1,,0004
000000000000143,2017-05-12,00007,0,,0002
000000000000144,2018-11-27,00003,0,,0003
000000000000145,2019-01-28,00004,0,,0003
000000000000146,2019-03-20,00000,1,,0003
000000000000147,2019-09-04,00004,1,,0000
000000000000148,2019-10-24,00007,0,,0002
000000000000149,2013-05-05,00006,1,,0006
000000000000150,2012-08-22,00002,1,,0006
000000000000151,2016-08-18,00004,1,,0001
000000000000152,2019-04-11,00002,1,,0007
000000000000153,2017-03-08,00007,0,,0005
000000000000154,2012-08-14,00007,1,,0003
000000000000155,2016-06-04,00002,1,,0004
000000000000156,2017-05-14,00006,0,,0002
000000000000157,2014-12-25,00008,0,,0004
000000000000158,2020-06-24,00006,0,,0000
000000000000159,2013-04-07,00000,1,,0003
000000000000160,2013-06-17,00007,1,,0004
000000000000161,2020-03-26,00005,1,,0002
000000000000162,2017-12-15,00007,1,,0000
000000000000163,2014-01-16,00007,0,,0004
000000000000164,2013-10-27,00001,0,,0001
000000000000165,2018-06-07,00008,1,,0007
000000000000166,2011-09-15,00005,1,,0007
000000000000167,2014-11-26,00000,0,,0003
000000000000168,2012-09-12,00001,0,,0001
000000000000169,2019-03-04,00008,1,,0009
000000000000170,2016-07-05,00001,1,,0005
000000000000171,2019-11-24,00005,1,,0006
000000000000172,2019-02-03,00003,1,,0002
000000000000173,2014-12-18,00001,1,,0002
000000000000174,2012-04-20,00001,0,,0008
000000000000175,2013-07-24,00002,1,,0002
000000000000176,2018-09-30,00007,1,,0009
000000000000177,2014-07-12,00002,0,,0004
000000000000178,2014-09-10,00003,1,,0005
000000000000179,2018-01-02,00000,1,,0006
000000000000180,2019-04-19,00004,1,,0004
000000000000181,2016-11-07,00003,1,,0005
000000000000182,2014-05-15,00006,1,,0009
000000000000183,2019-12-09,00005,0,,0002
000000000000184,2015-11-15,00008,1,,0003
000000000000185,2014-07-31,00003,0,,0000
000000000000186,2015-08-02,00002,0,,0002
000000000000187,2012-07-17,00007,0,,0001
000000000000188,2019-11-14,00004,1,,0006
000000000000189,2014-12-08,00007,0,,0005
000000000000190,2018-06-23,00005,0,,0000
000000000000191,2012-09-19,00008,0,,0008
000000000000192,2011-12-10,00008,1,,0003
000000000000193,2017-03-31,00001,1,,0007
000000000000194,2019-07-05,00000,1,,0003
000000000000195,2013-07-26,00007,1,,0006
000000000000196,2013-05-30,00000,1,,0003
000000000000197,2016-01-26,00005,0,,0005
000000000000198,2012-02-10,00005,1,,0004
000000000000199,2014-10-04,00000,0,,0004
000000000000200,2011-11-13,00005,1,,0005
000000000000201,2015-01-26,00007,0,,0009
000000000000202,2016-08-06,00001,1,,0004
000000000000203,2013-07-06,00002,0,,0007
000000000000204,2017-02-18,00004,0,,0009
000000000000205,2013-01-24,00008,1,,0007
000000000000206,2020-07-28,00006,1,,0008
000000000000207,2017-10-19,00009,1,,0001
000000000000208,2014-12-11,00006,1,,0007
000000000000209,2020-01-28,00002,1,,0005
000000000000210,2018-11-09,00005,1,,0005
000000000000211,2015-03-14,00009,0,,0003
000000000000212,2019-06-12,00000,1,,0009
000000000000213,2014-02-20,00004,1,,0006
000000000000214,2018-10-14,00001,0,,0002
000000000000215,2013-11-10,00003,1,,0007
000000000000216,2011-09-07,00008,1,,0009
000000000000217,2019-03-14,00005,0,,0007
000000000000218,2012-06-22,00001,0,,0007
000000000000219,2017-10-26,00000,1,,0002
000000000000220,2015-06-17,00002,1,,0004
000000000000221,2015-01-28,00000,0,,0005
000000000000222,2016-07-23,00000,0,,0003
000000000000223,2019-07-23,00006,0,,0009
000000000000224,2017-12-19,00006,0,,0001
000000000000225,2013-09-04,00005,0,,0007
000000000000226,2020-01-02,00008,0,,0002
000000000000227,2018-02-12,00007,0,,0009
000000000000228,2017-05-21,00000,0,,0002
000000000000229,2013-12-06,00000,1,,0008
000000000000230,2013-04-07,00001,1,,0008
000000000000231,2013-04-29,00004,0,,0001
000000000000232,2020-03-02,00005,1,,0000
000000000000233,2013-07-02,00003,1,,0001
000000000000234,2015-11-29,00008,1,,0008
000000000000235,2011-11-15,00003,0,,0008
000000000000236,2018-01-16,00001,0,,0001
000000000000237,2016-07-17,00007,0,,0007
000000000000238,2016-03-11,00001,1,,0009
000000000000239,2012-10-13,00007,0,,0009
000000000000240,2013-02-01,00006,0,,0003
000000000000241,2014-10-15,00005,1,,0002
000000000000242,2019-07-13,00002,1,,0005
000000000000243,2019-08-08,00002,1,,0006
000000000000244,2020-06-03,00008,1,,0002
000000000000245,2016-09-27,00001,1,,0001
000000000000246,2013-10-16,00009,1,,0009
000000000000247,2018-05-01,00004,0,,0006
000000000000248,2012-05-26,00002,0,,0007
000000000000249,2013-06-24,00004,0,,0007
000000000000250,2018-12-10,00002,0,,0002
000000000000251,2012-06-19,00001,0,,0001
000000000000252,2012-09-15,00003,0,,0007
000000000000253,2018-09-15,00007,1,,0007
000000000000254,2020-04-04,00007,0,,0003
000000000000255,2013-01-01,00006,0,,0002
000000000000256,2013-08-03,00005,1,,0004
000000000000257,2017-11-19,00006,0,,0003
000000000000258,2019-01-14,00001,0,,0000
000000000000259,2015-11-14,00008,0,,0005
000000000000260,2012-04-02,00004,1,,0007
000000000000261,2018-05-09,00005,0,,0003
000000000000262,2017-04-16,00000,0,,0004
000000000000263,2020-02-27,00006,0,,0000
000000000000264,2014-04-27,00003,1,,0002
000000000000265,2014-01-11,00002,0,,0000
000000000000266,2014-09-11,00007,1,,0000
000000000000267,2014-01-24,00006,0,,0005
000000000000268,2019-04-01,00005,1,,0004
000000000000269,2014-08-24,00009,1,,0003
000000000000270,2013-07-28,00006,1,,0009
000000000000271,2017-12-22,00009,0,,0007
000000000000272,2019-08-21,00004,1,,0007
000000000000273,2019-02-10,00004,1,,0009
000000000000274,2012-03-17,00004,0,,0001
000000000000275,2016-07-19,00009,0,,0003
000000000000276,2019-02-15,00000,0,,0003
000000000000277,2013-06-18,00009,0,,0009
000000000000278,2019-06-03,00001,0,,0003
000000000000279,2013-05-23,00005,0,,0007
000000000000280,2016-11-20,00003,1,,0006
000000000000281,2018-11-11,00004,0,,0006
000000000000282,2012-12-12,00000,1,,0009
000000000000283,2011-09-28,00008,1,,0004
000000000000284,2011-10-20,00002,1,,0002
000000000000285,2014-07-04,00002,1,,0001
000000000000286,2012-07-08,00009,1,,0006
000000000000287,2015-05-04,00009,1,,0003
000000000000288,2018-08-04,00000,1,,0006
000000000000289,2016-03-25,00002,0,,0006
000000000000290,2012-04-26,00000,0,,0003
000000000000291,2014-04-09,00004,0,,0000
000000000000292,2016-01-19,00008,1,,0004
000000000000293,2019-11-15,00006,1,,0004
000000000000294,2011-11-20,00007,0,,0001
000000000000295,2016-03-18,00008,0,,0009
000000000000296,2013-01-21,00006,1,,0008
000000000000297,2020-06-06,00001,0,,0006
000000000000298,2020-05-19,00002,1,,0006
000000000000299,2017-05-03,00003,0,,0003
000000000000300,2013-07-25,00009,0,,0003
000000000000301,2020-05-13,00000,0,,0006
000000000000302,2018-02-24,00000,1,,0008
000000000000303,2020-07-22,00009,0,,0008
000000000000304,2012-03-19,00003,0,,0005
000000000000305,2017-07-11,00009,1,,0009
000000000000306,2015-06-21,00005,1,,0003
000000000000307,2016-07-23,00003,0,,0006
000000000000308,2017-09-13,00009,1,,0007
000000000000309,2015-10-13,00007,0,,0004
000000000000310,2020-05-07,00002,0,,0009
000000000000311,2014-07-05,00004,0,,0004
000000000000312,2014-01-30,00002,0,,0002
000000000000313,2016-05-10,00000,1,,0000
000000000000314,2016-01-18,00006,0,,0005
000000000000315,2014-12-13,00004,1,,0004
000000000000316,2015-12-08,00004,1,,0006
000000000000317,2013-03-23,00001,1,,0002
000000000000318,2017-11-30,00007,0,,0006
000000000000319,2015-05-09,00005,1,,0007
000000000000320,2014-07-30,00008,0,,0005
000000000000321,2017-09-18,00002,1,,0002
000000000000322,2017-12-27,00007,1,,0003
000000000000323,2018-06-16,00000,1,,0000
000000000000324,2013-07-11,00007,0,,0001
000000000000325,2017-02-12,00000,1,,0007
000000000000326,2013-11-06,00008,0,,0007
000000000000327,2012-09-17,00003,1,,0003
000000000000328,2015-02-22,00009,1,,0006
000000000000329,2020-04-24,00002,1,,0004
000000000000330,2016-11-18,00001,0,,0002
000000000000331,2016-02-17,00009,1,,0000
000000000000332,2012-07-15,00005,0,,0002
000000000000333,2014-12-14,00003,0,,0002
000000000000334,2019-04-02,00006,0,,0005
000000000000335,2020-01-07,00006,1,,0001
000000000000336,2020-04-27,00005,0,,0006
000000000000337,2019-03-18,00003,0,,0009
000000000000338,2020-02-03,00003,1,,0008
000000000000339,2015-11-16,00006,0,,0002
000000000000340,2018-07-12,00006,1,,0009
000000000000341,2015-06-02,00002,0,,0001
000000000000342,2020-01-21,00007,0,,0001
000000000000343,2012-05-15,00009,0,,0003
000000000000344,2016-09-04,00003,0,,0008
000000000000345,2016-08-22,00003,0,,0002
000000000000346,2016-02-27,00004,1,,0005
000000000000347,2017-08-30,00008,1,,0000
000000000000348,2013-03-10,00003,0,,0004
000000000000349,2015-05-01,00001,1,,0002
000000000000350,2020-05-28,00007,1,,0007
000000000000351,2012-02-14,00008,0,,0007
000000000000352,2012-11-20,00001,0,,0003
000000000000353,2019-04-24,00005,1,,0005
000000000000354,2013-08-04,00003,0,,0005
000000000000355,2016-01-15,00009,0,,0005
000000000000356,2019-08-30,00000,1,,0007
000000000000357,2012-01-07,00000,0,,0007
000000000000358,2019-11-26,00002,0,,0001
000000000000359,2012-10-01,00000,1,,0004
000000000000360,2015-11-10,00000,1,,0009
000000000000361,2018-04-25,00008,0,,0002
000000000000362,2019-03-13,00004,1,,0005
000000000000363,2014-01-27,00006,1,,0007
000000000000364,2018-04-01,00000,1,,0007
000000000000365,2018-11-28,00004,0,,0005
000000000000366,2020-07-21,00002,1,,0006
000000000000367,2013-07-16,00003,1,,0006
000000000000368,2014-10-25,00008,0,,0008
000000000000369,2016-04-30,00005,0,,0004
000000000000370,2012-04-23,00009,1,,0008
000000000000371,2020-06-12,00000,1,,0004
000000000000372,2013-08-21,00000,0,,0000
000000000000373,2019-03-19,00003,1,,0007
000000000000374,2017-08-24,00006,0,,0009
000000000000375,2018-11-13,00003,1,,0005
000000000000376,2012-06-23,00007,0,,0007
000000000000377,2015-04-17,00000,0,,0003
000000000000378,2019-06-04,00006,0,,0000
000000000000379,2012-10-28,00005,1,,0006
000000000000380,2018-04-25,00008,1,,0006
000000000000381,2014-10-15,00008,1,,0006
000000000000382,2018-01-10,00002,1,,0004
000000000000383,2015-09-07,00003,0,,0006
000000000000384,2019-02-11,00000,0,,0004
000000000000385,2012-08-09,00002,1,,0008
000000000000386,2015-12-30,00009,0,,0002
000000000000387,2019-09-19,00003,0,,0005
000000000000388,2012-09-23,00005,1,,0005
000000000000389,2019-06-28,00005,1,,0009
000000000000390,2011-12-06,00008,1,,0006
000000000000391,2013-09-26,00005,1,,0009
000000000000392,2019-04-13,00008,0,,0000
000000000000393,2016-04-08,00000,1,,0006
000000000000394,2015-05-02,00001,0,,0006
000000000000395,2017-06-16,00007,0,,0006
000000000000396,2012-03-14,00005,1,,0002
000000000000397,2019-10-17,00006,1,,0001
000000000000398,2013-02-09,00009,0,,0005
000000000000399,2016-05-25,00008,1,,0002
000000000000400,2016-11-30,00003,1,,0005
000000000000401,2012-04-29,00008,0,,0005
000000000000402,2016-08-13,00003,0,,0004
000000000000403,2012-11-13,00009,0,,0008
000000000000404,2016-10-23,00009,1,,0006
000000000000405,2011-12-12,00003,0,,0001
000000000000406,2018-01-07,00002,0,,0000
000000000000407,2011-08-02,00003,0,,0005
000000000000408,2017-09-22,00005,1,,0008
000000000000409,2014-01-08,00007,1,,0009
000000000000410,2018-06-22,00002,0,,0003
000000000000411,2020-04-29,00003,1,,0003
000000000000412,2018-06-17,00001,0,,0001
000000000000413,2014-01-05,00000,0,,0004
000000000000414,2012-01-31,00003,0,,0005
000000000000415,2012-10-14,00001,0,,0003
000000000000416,2015-01-30,00003,1,,0005
000000000000417,2014-09-21,00004,1,,0000
000000000000418,2016-07-04,00007,0,,0001
000000000000419,2017-09-13,00009,1,,0005
000000000000420,2019-09-30,00005,0,,0009
000000000000421,2018-11-16,00001,1,,0000
000000000000422,2017-02-05,00009,0,,0006
000000000000423,2019-06-04,00000,0,,0001
000000000000424,2014-12-23,00000,1,,0008
000000000000425,2014-10-31,00005,0,,0004
000000000000426,2017-01-21,00003,0,,0007
000000000000427,2012-01-31,00004,1,,0003
000000000000428,2015-08-12,00005,1,,0008
000000000000429,2014-11-02,00003,1,,0004
000000000000430,2013-02-12,00001,1,,0002
000000000000431,2013-03-15,00000,1,,0004
000000000000432,2016-10-05,00003,1,,0008
000000000000433,2018-03-20,00008,1,,0004
000000000000434,2013-03-20,00001,1,,0002
000000000000435,2011-10-30,00005,1,,0009
000000000000436,2012-08-31,00009,1,,0004
000000000000437,2017-09-15,00007,1,,0004
000000000000438,2013-06-20,00001,0,,0006
000000000000439,2014-09-18,00004,0,,0009
000000000000440,2013-04-12,00005,1,,0006
000000000000441,2018-06-13,00008,0,,0005
000000000000442,2016-07-03,00008,1,,0008
000000000000443,2016-12-29,00001,0,,0001
000000000000444,2016-12-31,00007,1,,0005
000000000000445,2019-11-18,00004,0,,0000
000000000000446,2012-11-29,00000,1,,0008
000000000000447,2016-07-10,00003,1,,0000
000000000000448,2015-08-12,00000,1,,0003
000000000000449,2017-05-16,00008,0,,0006
000000000000450,2012-03-01,00007,1,,0000
000000000000451,2018-04-26,00000,0,,0005
000000000000452,2014-02-13,00009,0,,0007
000000000000453,2018-12-18,00007,0,,0003
000000000000454,2012-03-16,00004,0,,0006
000000000000455,2019-08-22,00002,1,,0001
000000000000456,2016-10-13,00005,1,,0001
000000000000457,2015-08-05,00004,0,,0009
000000000000458,2017-10-02,00000,0,,0002
000000000000459,2019-12-10,00006,0,,0004
000000000000460,2020-04-10,00006,1,,0009
000000000000461,2020-03-19,00005,0,,0000
000000000000462,2017-02-16,00007,1,,0005
000000000000463,2016-08-13,00006,1,,0002
000000000000464,2015-05-14,00002,1,,0004
000000000000465,2013-06-25,00003,0,,0007
000000000000466,2012-06-26,00008,1,,0007
000000000000467,2018-02-22,00003,1,,0006
000000000000468,2015-02-17,00009,0,,0007
000000000000469,2019-06-12,00005,0,,0001
000000000000470,2018-06-12,00003,0,,0004
000000000000471,2012-11-05,00000,1,,0003
000000000000472,2013-12-13,00007,1,,0001
000000000000473,2019-04-20,00007,0,,0000
000000000000474,2017-11-24,00002,1,,0006
000000000000475,2016-09-23,00009,0,,0004
000000000000476,2015-07-30,00000,0,,0007
000000000000477,2011-12-25,00005,1,,0003
000000000000478,2020-01-01,00000,0,,0004
000000000000479,2012-05-28,00005,1,,0009
000000000000480,2013-06-22,00008,0,,0009
000000000000481,2015-07-10,00001,0,,0007
000000000000482,2011-11-09,00003,1,,0001
000000000000483,2016-03-12,00000,0,,0006
000000000000484,2017-08-13,00007,1,,0006
000000000000485,2018-12-25,00001,1,,0001
000000000000486,2018-07-20,00002,1,,0000
000000000000487,2019-04-30,00001,0,,0006
000000000000488,2016-05-08,00002,1,,0009
000000000000489,2019-05-09,00001,1,,0003
000000000000490,2012-12-21,00009,0,,0001
000000000000491,2019-03-19,00007,0,,0004
000000000000492,2020-01-13,00002,0,,0000
000000000000493,2015-07-30,00007,0,,0006
000000000000494,2015-07-12,00001,0,,0001
000000000000495,2014-07-04,00004,1,,0001
000000000000496,2014-10-02,00005,1,,0004
000000000000497,2012-11-05,00000,0,,0009
000000000000498,2016-04-24,00005,1,,0001
000000000000499,2014-04-25,00005,1,,0004
000000000000500,2017-10-25,00000,0,,0004
000000000000501,2012-06-08,00005,1,,0001
000000000000502,2013-05-25,00001,0,,0007
000000000000503,2012-01-04,00002,1,,0007
000000000000504,2013-06-20,00006,1,,0005
000000000000505,2015-07-05,00009,1,,0005
000000000000506,2020-03-27,00004,1,,0003
000000000000507,2013-05-07,00008,1,,0004
000000000000508,2017-02-22,00006,0,,0006
000000000000509,2019-03-01,00000,1,,0005
000000000000510,2015-07-27,00001,0,,0001
000000000000511,2013-04-15,00008,1,,0007
000000000000512,2014-10-31,00008,1,,0009
000000000000513,2014-10-29,00004,1,,0006
000000000000514,2016-04-22,00004,0,,0009
000000000000515,2015-05-19,00003,0,,0008
000000000000516,2015-01-16,00006,1,,0005
000000000000517,2013-01-23,00000,1,,0002
000000000000518,2017-12-05,00005,0,,0007
000000000000519,2011-08-30,00004,0,,0009
000000000000520,2015-01-03,00004,0,,0007
000000000000521,2012-07-01,00005,0,,0009
000000000000522,2020-02-27,00001,1,,0006
000000000000523,2017-05-04,00007,0,,0008
000000000000524,2019-01-08,00002,1,,0003
000000000000525,2013-01-11,00008,0,,0007
000000000000526,2018-09-14,00004,1,,0007
000000000000527,2015-04-28,00000,0,,0004
000000000000528,2014-05-10,00005,1,,0008
000000000000529,2020-04-18,00003,0,,0002
000000000000530,2019-04-09,00006,0,,0002
000000000000531,2020-04-24,00003,0,,0000
000000000000532,2013-11-27,00001,1,,0003
000000000000533,2019-04-10,00005,1,,0008
000000000000534,2018-07-26,00003,1,,0004
000000000000535,2019-11-05,00006,0,,0000
000000000000536,2020-01-25,00000,0,,0002
000000000000537,2016-01-08,00006,1,,0004
000000000000538,2018-09-03,00008,0,,0000
000000000000539,2014-04-12,00006,1,,0000
000000000000540,2018-03-11,00005,0,,0009
000000000000541,2014-02-20,00008,0,,0003
000000000000542,2011-09-15,00006,0,,0003
000000000000543,2011-09-16,00008,0,,0007
000000000000544,2017-03-21,00004,0,,0000
000000000000545,2012-02-01,00001,0,,0000
000000000000546,2017-05-18,00002,1,,0005
000000000000547,2018-08-06,00003,1,,0001
000000000000548,2013-09-16,00006,1,,0009
000000000000549,2012-10-31,00008,1,,0001
000000000000550,2019-03-26,00003,1,,0006
000000000000551,2013-11-04,00008,1,,0001
000000000000552,2020-02-17,00009,0,,0007
000000000000553,2017-12-31,00004,0,,0004
000000000000554,2019-08-25,00003,1,,0005
000000000000555,2012-12-11,00002,0,,0000
000000000000556,2018-03-07,00002,1,,0001
000000000000557,2014-06-02,00001,1,,0009
000000000000558,2020-02-10,00000,0,,0003
000000000000559,2018-01-18,00007,0,,0005
000000000000560,2013-04-05,00004,0,,0005
000000000000561,2019-10-22,00002,0,,0007
000000000000562,2014-10-02,00003,1,,0007
000000000000563,2018-03-16,00004,1,,0004
000000000000564,2013-05-13,00007,0,,0004
000000000000565,2016-04-07,00006,1,,0009
000000000000566,2018-10-22,00005,0,,0004
000000000000567,2011-10-09,00004,0,,0003
000000000000568,2019-11-19,00008,0,,0007
000000000000569,2019-12-12,00007,1,,0001
000000000000570,2014-09-12,00003,0,,0001
000000000000571,2016-04-30,00006,0,,0009
000000000000572,2017-01-16,00008,0,,0003
000000000000573,2019-07-13,00001,0,,0002
000000000000574,2020-01-05,00006,0,,0000
000000000000575,2016-10-08,00005,1,,0007
000000000000576,2014-01-14,00003,1,,0008
000000000000577,2016-07-20,00000,1,,0002
000000000000578,2019-02-13,00009,1,,0006
000000000000579,2018-12-12,00002,0,,0001
000000000000580,2018-12-10,00004,0,,0009
000000000000581,2019-09-23,00009,1,,0003
000000000000582,2012-11-09,00003,0,,0004
000000000000583,2013-09-10,00009,1,,0004
000000000000584,2019-08-30,00009,0,,0002
000000000000585,2016-04-08,00003,1,,0001
000000000000586,2012-05-25,00008,0,,0003
000000000000587,2018-03-08,00004,0,,0004
000000000000588,2015-04-27,00000,0,,0004
000000000000589,2013-06-29,00002,1,,0001
000000000000590,2016-08-27,00004,1,,0007
000000000000591,2017-04-28,00003,0,,0000
000000000000592,2014-05-02,00005,1,,0008
000000000000593,2018-10-27,00009,1,,0003
000000000000594,2013-11-06,00000,1,,0007
000000000000595,2015-10-31,00002,0,,0005
000000000000596,2016-08-06,00002,1,,0006
000000000000597,2015-04-01,00007,0,,0009
000000000000598,2011-09-24,00005,1,,0004
000000000000599,2012-10-03,00005,1,,0006
000000000000600,2019-06-05,00002,0,,0000
000000000000601,2020-07-05,00006,0,,0006
000000000000602,2016-09-19,00000,1,,0005
000000000000603,2018-03-09,00009,0,,0006
000000000000604,2015-12-19,00004,1,,0004
000000000000605,2015-02-10,00001,1,,0001
000000000000606,2013-04-06,00002,1,,0009
000000000000607,2017-12-08,00009,0,,0003
000000000000608,2019-04-20,00008,1,,0004
000000000000609,2012-04-14,00003,1,,0001
000000000000610,2017-12-06,00001,0,,0009
000000000000611,2019-07-23,00003,1,,0006
000000000000612,2015-02-19,00006,0,,0009
000000000000613,2013-02-26,00007,1,,0001
000000000000614,2018-03-11,00006,0,,0002
000000000000615,2012-02-10,00007,0,,0001
000000000000616,2017-04-08,00009,0,,0009
000000000000617,2018-09-07,00008,0,,0002
000000000000618,2015-11-06,00005,0,,0003
000000000000619,2011-09-22,00001,0,,0002
000000000000620,2016-06-03,00003,1,,0000
000000000000621,2020-05-19,00004,1,,0009
000000000000622,2014-08-24,00007,0,,0003
000000000000623,2019-05-02,00007,1,,0009
000000000000624,2017-05-29,00008,1,,0009
000000000000625,2012-10-26,00002,0,,0008
000000000000626,2016-03-15,00001,0,,0005
000000000000627,2018-01-10,00000,1,,0002
000000000000628,2014-08-12,00002,0,,0000
000000000000629,2019-12-26,00005,0,,0003
000000000000630,2017-01-08,00002,1,,0006
000000000000631,2013-11-16,00001,0,,0004
000000000000632,2018-06-10,00000,0,,0003
000000000000633,2018-01-24,00000,1,,0008
000000000000634,2018-09-04,00005,0,,0004
000000000000635,2015-11-20,00002,0,,0003
000000000000636,2013-06-10,00004,0,,0006
000000000000637,2011-09-21,00006,1,,0001
000000000000638,2012-12-31,00001,1,,0005
000000000000639,2020-01-05,00001,0,,0008
000000000000640,2011-12-04,00002,0,,0004
000000000000641,2016-09-11,00005,1,,0003
000000000000642,2015-06-15,00007,0,,0003
000000000000643,2017-01-03,00001,1,,0000
000000000000644,2014-11-11,00005,1,,0006
000000000000645,2013-02-21,00002,1,,0006
000000000000646,2012-03-18,00004,0,,0003
000000000000647,2015-03-15,00008,1,,0000
000000000000648,2020-01-22,00003,1,,0007
000000000000649,2018-08-04,00002,0,,0005
000000000000650,2013-07-30,00004,0,,0005
000000000000651,2013-11-01,00008,0,,0005
000000000000652,2019-07-17,00005,0,,0004
000000000000653,2017-03-25,00000,0,,0003
000000000000654,2017-12-04,00000,1,,0001
000000000000655,2019-01-20,00005,0,,0002
000000000000656,2016-02-02,00002,0,,0001
000000000000657,2016-04-30,00002,1,,0009
000000000000658,2020-01-10,00006,1,,0007
000000000000659,2019-09-02,00005,1,,0008
000000000000660,2013-08-23,00005,1,,0009
000000000000661,2015-05-16,00002,1,,0004
000000000000662,2016-06-08,00009,1,,0005
000000000000663,2017-10-20,00008,1,,0004
000000000000664,2016-07-29,00005,0,,0007
000000000000665,2016-10-23,00000,0,,0002
000000000000666,2016-10-10,00002,1,,0006
000000000000667,2012-03-17,00008,1,,0004
000000000000668,2017-09-26,00006,0,,0001
000000000000669,2013-01-10,00006,1,,0000
000000000000670,2017-11-23,00005,0,,0008
000000000000671,2018-03-27,00002,1,,0006
000000000000672,2019-08-24,00002,0,,0004
000000000000673,2018-12-08,00007,0,,0009
000000000000674,2019-04-12,00004,1,,0007
000000000000675,2019-07-07,00009,0,,0006
000000000000676,2019-09-07,00002,0,,0008
000000000000677,2011-08-28,00009,1,,0000
000000000000678,2015-02-03,00000,1,,0007
000000000000679,2019-03-13,00009,0,,0000
000000000000680,2013-09-21,00001,0,,0006
000000000000681,2015-09-28,00006,0,,0004
000000000000682,2012-03-26,00000,0,,0007
000000000000683,2017-03-11,00003,0,,0008
000000000000684,2019-04-05,00009,0,,0008
000000000000685,2019-06-23,00002,1,,0009
000000000000686,2019-07-18,00005,0,,0008
000000000000687,2016-07-30,00005,1,,0009
000000000000688,2017-03-16,00003,0,,0001
000000000000689,2014-05-17,00009,0,,0007
000000000000690,2013-10-04,00007,1,,0005
000000000000691,2016-05-31,00004,0,,0009
000000000000692,2013-02-24,00009,0,,0009
000000000000693,2015-02-27,00008,1,,0006
000000000000694,2017-01-18,00004,1,,0002
000000000000695,2012-12-05,00009,1,,0009
000000000000696,2017-04-14,00003,1,,0006
000000000000697,2018-07-03,00001,1,,0008
000000000000698,2014-04-08,00008,1,,0005
000000000000699,2013-01-28,00009,1,,0009
000000000000700,2018-03-27,00004,1,,0004
000000000000701,2011-09-03,00001,0,,0000
000000000000702,2019-06-29,00000,0,,0004
000000000000703,2016-04-01,00000,0,,0004
000000000000704,2015-12-06,00009,1,,0007
000000000000705,2018-06-10,00005,1,,0004
000000000000706,2019-03-26,00009,0,,0005
000000000000707,2018-08-29,00002,0,,0004
000000000000708,2017-08-26,00003,1,,0006
000000000000709,2012-08-13,00003,1,,0008
000000000000710,2018-12-27,00000,1,,0008
000000000000711,2012-08-25,00002,0,,0004
000000000000712,2017-08-12,00008,0,,0000
000000000000713,2015-02-18,00005,0,,0001
000000000000714,2012-04-18,00008,0,,0003
000000000000715,2014-09-15,00001,1,,0003
000000000000716,2018-09-19,00000,1,,0003
000000000000717,2017-10-10,00001,0,,0006
000000000000718,2020-06-26,00008,1,,0008
000000000000719,2018-08-03,00009,0,,0007
000000000000720,2014-01-25,00007,1,,0006
000000000000721,2019-08-03,00006,1,,0002
000000000000722,2017-01-23,00004,0,,0001
000000000000723,2016-12-14,00007,0,,0009
000000000000724,2016-03-21,00003,1,,0004
000000000000725,2015-04-23,00004,0,,0003
000000000000726,2015-11-21,00009,0,,0009
000000000000727,2012-10-21,00006,1,,0006
000000000000728,2018-09-14,00006,0,,0001
000000000000729,2015-07-28,00004,1,,0002
000000000000730,2016-01-31,00007,1,,0000
000000000000731,2018-05-23,00009,1,,0002
000000000000732,2016-12-07,00005,1,,0003
000000000000733,2013-01-23,00007,0,,0007
000000000000734,2016-08-17,00004,0,,0004
000000000000735,2016-05-20,00002,1,,0000
000000000000736,2018-10-18,00002,1,,0002
000000000000737,2019-11-06,00008,1,,0002
000000000000738,2018-06-23,00006,1,,0009
000000000000739,2020-04-24,00005,1,,0005
000000000000740,2012-07-12,00007,1,,0005
000000000000741,2017-10-27,00003,0,,0007
000000000000742,2019-08-12,00009,0,,0008
000000000000743,2019-05-18,00006,1,,0007
000000000000744,2012-03-26,00007,1,,0007
000000000000745,2014-01-05,00003,1,,0002
000000000000746,2019-06-07,00006,1,,0006
000000000000747,2020-01-25,00002,0,,0006
000000000000748,2014-02-16,00008,0,,0002
000000000000749,2013-03-03,00005,0,,0000
000000000000750,2013-08-02,00001,0,,0001
000000000000751,2020-03-02,00005,0,,0003
000000000000752,2012-08-17,00002,1,,0008
000000000000753,2012-09-23,00005,0,,0000
000000000000754,2018-12-21,00000,1,,0008
000000000000755,2019-04-17,00004,1,,0000
000000000000756,2014-01-23,00003,1,,0005
000000000000757,2017-09-17,00004,1,,0007
000000000000758,2017-10-10,00003,1,,0005
000000000000759,2015-07-03,00000,1,,0004
000000000000760,2018-08-31,00000,0,,0005
000000000000761,2018-12-07,00000,0,,0001
000000000000762,2018-05-03,00005,1,,0001
000000000000763,2016-07-29,00001,0,,0001
000000000000764,2020-06-12,00004,0,,0006
000000000000765,2015-05-24,00000,1,,0005
000000000000766,2016-02-16,00007,1,,0004
000000000000767,2011-09-29,00007,1,,0004
000000000000768,2017-06-16,00002,1,,0003
000000000000769,2012-08-17,00004,0,,0003
000000000000770,2014-11-26,00001,1,,0003
000000000000771,2018-03-29,00002,0,,0002
000000000000772,2011-11-08,00002,1,,0005
000000000000773,2012-04-29,00004,0,,0003
000000000000774,2017-01-14,00004,1,,0005
000000000000775,2011-10-17,00003,1,,0009
000000000000776,2017-05-05,00001,1,,0001
000000000000777,2020-06-25,00005,0,,0001
000000000000778,2016-07-24,00000,1,,0006
000000000000779,2012-11-15,00007,1,,0005
000000000000780,2017-09-24,00005,0,,0007
000000000000781,2017-06-19,00001,0,,0005
000000000000782,2014-10-02,00002,0,,0008
000000000000783,2015-10-02,00001,1,,0006
000000000000784,2015-07-06,00004,1,,0000
000000000000785,2019-09-05,00003,0,,0000
000000000000786,2018-05-09,00008,0,,0009
000000000000787,2018-12-13,00009,0,,0009
000000000000788,2014-12-28,00003,0,,0000
000000000000789,2012-05-09,00001,1,,0009
000000000000790,2019-03-28,00007,0,,0002
000000000000791,2012-08-17,00001,0,,0002
000000000000792,2011-12-06,00002,0,,0008
000000000000793,2016-12-08,00000,0,,0007
000000000000794,2013-08-05,00003,0,,0002
000000000000795,2016-01-13,00006,0,,0001
000000000000796,2013-03-28,00003,0,,0004
000000000000797,2014-02-13,00008,0,,0003
000000000000798,2011-11-11,00005,1,,0008
000000000000799,2019-08-01,00003,1,,0004
000000000000800,2018-07-31,00009,0,,0007
000000000000801,2017-09-04,00003,0,,0004
000000000000802,2014-02-13,00005,0,,0006
000000000000803,2017-11-29,00004,0,,0006
000000000000804,2020-03-16,00007,0,,0006
000000000000805,2015-12-04,00000,1,,0002
000000000000806,2016-04-20,00003,0,,0007
000000000000807,2020-07-16,00006,0,,0007
000000000000808,2020-05-31,00008,1,,0001
000000000000809,2014-11-17,00003,0,,0006
000000000000810,2012-11-29,00004,0,,0009
000000000000811,2020-07-01,00003,0,,0002
000000000000812,2012-10-03,00001,0,,0006
000000000000813,2012-11-13,00005,0,,0009
000000000000814,2015-05-07,00008,1,,0000
000000000000815,2017-12-07,00004,1,,0006
000000000000816,2014-03-14,00001,0,,0002
000000000000817,2015-05-13,00000,1,,0002
000000000000818,2012-06-03,00001,0,,0008
000000000000819,2015-05-30,00002,1,,0007
000000000000820,2019-08-30,00004,0,,0006
000000000000821,2016-11-26,00002,0,,0006
000000000000822,2017-02-12,00003,1,,0008
000000000000823,2017-11-05,00008,1,,0008
000000000000824,2018-01-16,00007,0,,0002
000000000000825,2014-07-16,00009,0,,0007
000000000000826,2018-09-02,00005,1,,0000
000000000000827,2013-06-01,00002,0,,0003
000000000000828,2016-10-14,00001,1,,0009
000000000000829,2014-09-23,00000,1,,0006
000000000000830,2012-11-23,00001,1,,0003
000000000000831,2017-08-31,00002,0,,0002
000000000000832,2017-03-12,00009,1,,0000
000000000000833,2017-05-15,00008,0,,0003
000000000000834,2014-03-01,00006,0,,0002
000000000000835,2013-08-03,00005,0,,0004
000000000000836,2015-05-20,00000,1,,0004
000000000000837,2019-07-23,00007,1,,0009
000000000000838,2013-10-03,00002,1,,0003
000000000000839,2017-12-03,00003,0,,0004
000000000000840,2015-01-10,00008,0,,0007
000000000000841,2016-11-02,00002,1,,0003
000000000000842,2012-06-20,00009,0,,0009
000000000000843,2016-08-19,00002,1,,0009
000000000000844,2019-12-01,00004,0,,0005
000000000000845,2020-04-03,00004,0,,0000
000000000000846,2019-07-12,00006,0,,0004
000000000000847,2018-09-28,00004,1,,0002
000000000000848,2019-12-06,00003,1,,0007
000000000000849,2012-02-08,00007,1,,0009
000000000000850,2016-05-17,00005,1,,0002
000000000000851,2013-12-31,00005,0,,0009
000000000000852,2019-01-21,00003,0,,0007
000000000000853,2015-07-25,00007,1,,0001
000000000000854,2017-03-03,00001,1,,0007
000000000000855,2015-03-21,00001,1,,0000
000000000000856,2014-09-02,00003,1,,0002
000000000000857,2017-05-28,00002,1,,0009
000000000000858,2012-03-23,00008,1,,0006
000000000000859,2018-10-20,00004,1,,0000
000000000000860,2017-03-22,00002,1,,0003
000000000000861,2013-06-02,00007,0,,0005
000000000000862,2011-10-04,00002,0,,0003
000000000000863,2011-10-18,00004,1,,0006
000000000000864,2011-10-21,00005,1,,0006
000000000000865,2018-09-10,00005,1,,0007
000000000000866,2013-04-24,00008,1,,0008
000000000000867,2015-02-11,00006,0,,0000
000000000000868,2017-08-02,00004,1,,0009
000000000000869,2017-03-29,00006,1,,0007
000000000000870,2015-03-17,00000,0,,0000
000000000000871,2017-06-22,00002,1,,0009
000000000000872,2019-02-20,00004,0,,0003
000000000000873,2019-04-29,00009,0,,0002
000000000000874,2018-03-02,00000,1,,0000
000000000000875,2012-08-29,00009,1,,0002
000000000000876,2017-07-31,00001,0,,0002
000000000000877,2020-07-02,00009,0,,0005
000000000000878,2015-12-27,00005,1,,0004
000000000000879,2019-02-08,00006,0,,0008
000000000000880,2012-02-26,00008,1,,0004
000000000000881,2016-04-13,00001,0,,0005
000000000000882,2013-04-29,00002,0,,0003
000000000000883,2019-11-25,00002,1,,0002
000000000000884,2015-09-30,00005,1,,0000
000000000000885,2020-04-01,00004,1,,0002
000000000000886,2012-07-07,00006,0,,0009
000000000000887,2019-04-09,00000,1,,0008
000000000000888,2014-05-06,00009,1,,0007
000000000000889,2020-07-29,00006,0,,0001
000000000000890,2013-10-18,00008,0,,0006
000000000000891,2017-12-04,00000,1,,0000
000000000000892,2015-12-12,00002,0,,0002
000000000000893,2014-06-18,00009,1,,0001
000000000000894,2016-02-22,00009,0,,0004
000000000000895,2016-01-10,00005,1,,0006
000000000000896,2015-07-07,00001,0,,0006
000000000000897,2015-04-18,00004,1,,0002
000000000000898,2015-07-02,00007,1,,0005
000000000000899,2019-03-01,00001,1,,0000
000000000000900,2014-08-06,00008,0,,0002
000000000000901,2018-11-19,00000,1,,0005
000000000000902,2016-07-02,00007,0,,0005
000000000000903,2016-03-19,00005,0,,0003
000000000000904,2019-10-31,00004,0,,0003
000000000000905,2018-07-25,00008,0,,0003
000000000000906,2014-08-14,00002,1,,0001
000000000000907,2014-05-11,00002,0,,0008
000000000000908,2014-11-03,00008,0,,0000
000000000000909,2012-08-04,00002,1,,0001
000000000000910,2011-08-21,00000,0,,0003
000000000000911,2015-11-30,00005,1,,0001
000000000000912,2011-08-19,00005,0,,0000
000000000000913,2013-06-06,00009,0,,0000
000000000000914,2018-10-16,00004,0,,0009
000000000000915,2016-12-06,00007,0,,0006
000000000000916,2015-05-19,00004,1,,0000
000000000000917,2012-11-07,00007,0,,0008
000000000000918,2013-04-25,00004,0,,0008
000000000000919,2018-10-22,00008,1,,0001
000000000000920,2016-09-23,00005,0,,0006
000000000000921,2015-04-09,00005,0,,0001
000000000000922,2012-04-12,00006,0,,0003
000000000000923,2020-03-12,00007,1,,0006
000000000000924,2013-03-29,00003,1,,0002
000000000000925,2016-04-24,00004,1,,0006
000000000000926,2017-02-21,00002,1,,0001
000000000000927,2017-05-12,00006,0,,0001
000000000000928,2013-12-04,00007,0,,0003
000000000000929,2018-05-08,00008,1,,0009
000000000000930,2018-04-05,00009,1,,0001
000000000000931,2015-12-03,00001,1,,0008
000000000000932,2017-07-10,00001,0,,0001
000000000000933,2012-03-05,00007,1,,0006
000000000000934,2015-09-14,00008,1,,0007
000000000000935,2017-09-07,00007,1,,0002
000000000000936,2013-08-17,00000,0,,0002
000000000000937,2014-03-11,00005,1,,0003
000000000000938,2015-06-23,00001,1,,0004
000000000000939,2014-01-26,00008,1,,0005
000000000000940,2014-10-27,00007,0,,0002
000000000000941,2016-02-07,00004,1,,0009
000000000000942,2015-01-12,00007,0,,0006
000000000000943,2019-12-07,00009,0,,0000
000000000000944,2019-06-27,00004,1,,0000
000000000000945,2014-05-22,00002,1,,0004
000000000000946,2014-05-19,00001,1,,0007
000000000000947,2014-06-28,00001,1,,0006
000000000000948,2020-04-21,00006,0,,0001
000000000000949,2016-01-02,00004,0,,0005
000000000000950,2017-05-13,00009,0,,0007
000000000000951,2013-08-04,00008,1,,0000
000000000000952,2012-09-23,00007,0,,0007
000000000000953,2020-04-01,00003,0,,0005
000000000000954,2017-04-11,00005,0,,0009
000000000000955,2015-04-09,00009,1,,0000
000000000000956,2012-07-16,00000,1,,0003
000000000000957,2014-03-21,00001,0,,0009
000000000000958,2014-10-27,00002,0,,0003
000000000000959,2017-01-07,00003,0,,0000
000000000000960,2015-07-20,00002,1,,0005
000000000000961,2012-03-17,00005,1,,0000
000000000000962,2020-06-14,00004,0,,0001
000000000000963,2013-06-26,00008,0,,0005
000000000000964,2014-08-15,00006,0,,0003
000000000000965,2018-07-09,00003,0,,0000
000000000000966,2019-10-04,00005,1,,0004
000000000000967,2018-07-04,00006,1,,0003
000000000000968,2015-12-11,00009,1,,0006
000000000000969,2019-05-14,00004,0,,0006
000000000000970,2012-02-29,00000,1,,0008
000000000000971,2016-08-05,00000,1,,0002
000000000000972,2015-09-17,00005,1,,0001
000000000000973,2019-08-01,00005,1,,0006
000000000000974,2019-05-18,00007,0,,0002
000000000000975,2018-06-23,00000,0,,0007
000000000000976,2014-08-10,00004,1,,0001
000000000000977,2012-06-02,00003,0,,0004
000000000000978,2018-02-10,00005,1,,0008
000000000000979,2014-11-13,00008,0,,0002
000000000000980,2017-10-27,00002,0,,0006
000000000000981,2015-10-30,00008,1,,0006
000000000000982,2017-10-07,00004,1,,0007
000000000000983,2013-05-03,00009,1,,0008
000000000000984,2018-08-29,00001,0,,0007
000000000000985,2013-09-27,00007,1,,0001
000000000000986,2012-05-24,00001,1,,0001
000000000000987,2015-01-27,00001,1,,0009
000000000000988,2019-10-01,00006,0,,0002
000000000000989,2015-06-08,00004,1,,0006
000000000000990,2012-07-10,00008,0,,0006
000000000000991,2020-07-09,00008,0,,0001
000000000000992,2014-06-10,00000,1,,0002
000000000000993,2017-12-08,00000,1,,0009
000000000000994,2020-04-02,00006,0,,0003
000000000000995,2012-10-18,00004,0,,0003
000000000000996,2020-06-20,00002,1,,0008
000000000000997,2017-02-24,00007,0,,0001
000000000000998,2016-01-21,00002,1,,0001
000000000000999,2019-01-27,00002,0,,0003
