order_id,item_id,create_time,employee_id,customer_id,city_id,buy_amt
000000000000000,00006,2018-02-17,00000864,0000679215,00004,9188
000000000000001,00004,2018-06-20,00000497,0007995970,00005,9779
000000000000002,00008,2015-04-18,00000913,0002336625,00004,6144
000000000000003,00009,2013-03-11,00000773,0004202798,00008,9930
000000000000004,00004,2014-01-29,00000923,0001656973,00001,7704
000000000000005,00005,2013-04-16,00000483,0007284194,00005,6675
000000000000006,00007,2019-09-11,00000989,0008746862,00004,5510
000000000000007,00001,2011-10-26,00000824,0006691148,00010,5009
000000000000008,00005,2019-12-22,00000626,0004092145,00005,5515
000000000000009,00003,2015-05-08,00000195,0002390659,00008,8669
000000000000010,00005,2012-12-11,00000093,0008521829,00007,5893
000000000000011,00001,2016-07-12,00000308,0009184534,00005,9426
000000000000012,00007,2016-06-21,00000208,0001537331,00009,8153
000000000000013,00004,2015-09-12,00000324,0003084805,00003,6529
000000000000014,00007,2016-01-01,00000033,0001159058,00001,6066
000000000000015,00000,2014-02-14,00000897,0001346343,00008,8205
000000000000016,00004,2020-07-02,00000857,0008754185,00003,6762
000000000000017,00009,2018-09-18,00000916,0004617271,00007,9035
000000000000018,00001,2017-08-28,00000676,0005441267,00009,5944
000000000000019,00003,2017-04-13,00000498,0004077461,00000,7220
000000000000020,00005,2015-04-30,00000119,0002860209,00005,8490
000000000000021,00001,2012-08-20,00000835,0002455487,00003,5370
000000000000022,00000,2012-11-01,00000836,0002087819,00010,6544
000000000000023,00006,2013-08-12,00000620,0001535649,00005,5950
000000000000024,00003,2011-12-12,00000037,0003103314,00001,8925
000000000000025,00010,2012-08-13,00000215,0000382228,00008,8486
000000000000026,00004,2013-04-21,00000635,0001174477,00003,5589
000000000000027,00005,2016-09-12,00000662,0007316017,00002,5500
000000000000028,00000,2019-07-11,00000515,0001693177,00006,6633
000000000000029,00007,2017-09-04,00000266,0009559129,00002,6666
000000000000030,00010,2012-07-25,00000989,0002654300,00002,7804
000000000000031,00001,2015-11-04,00000542,0007420798,00010,6432
000000000000032,00010,2019-08-08,00000013,0006877071,00009,9166
000000000000033,00010,2016-11-16,00000939,0005992010,00006,7055
000000000000034,00007,2011-10-16,00000157,0001326638,00005,5374
000000000000035,00002,2016-05-10,00000557,0004028719,00007,7885
000000000000036,00010,2016-06-22,00000624,0006026396,00009,6084
000000000000037,00006,2016-11-09,00000732,0006952780,00010,5661
000000000000038,00005,2014-11-06,00000001,0002685693,00003,6827
000000000000039,00006,2019-03-15,00000652,0009531999,00006,5258
000000000000040,00010,2018-09-10,00000411,0000784832,00002,8648
000000000000041,00002,2015-12-27,00000065,0007488757,00008,8991
000000000000042,00000,2011-07-31,00000929,0008297720,00005,7556
000000000000043,00000,2019-07-10,00000857,0006964850,00003,9493
000000000000044,00002,2012-12-30,00000986,0000247116,00006,8420
000000000000045,00003,2011-08-21,00000323,0000239768,00000,9328
000000000000046,00003,2013-03-29,00000626,0001994876,00009,6626
000000000000047,00004,2016-09-21,00000894,0003057163,00001,8896
000000000000048,00010,2018-04-29,00000874,0001364749,00000,7250
000000000000049,00001,2019-04-14,00000935,0004303167,00002,9266
000000000000050,00001,2017-06-25,00000836,0002591075,00004,5152
000000000000051,00003,2012-04-08,00000043,0004356529,00008,7578
000000000000052,00009,2017-10-26,00000969,0000704719,00009,9050
000000000000053,00010,2019-05-20,00000729,0007305481,00005,9406
000000000000054,00006,2015-02-11,00000182,0009850331,00004,5072
000000000000055,00004,2014-02-23,00000141,0005593664,00005,8008
000000000000056,00005,2013-03-04,00000735,0000598367,00000,7208
000000000000057,00009,2014-02-13,00000167,0004857521,00005,8234
000000000000058,00004,2013-10-13,00000561,0001927641,00007,6963
000000000000059,00004,2012-05-25,00000956,0003012967,00008,5580
000000000000060,00005,2018-06-09,00000309,0005020170,00006,5890
000000000000061,00007,2019-10-06,00000101,0005655273,00005,6018
000000000000062,00007,2013-07-20,00000490,0007156075,00000,7473
000000000000063,00002,2014-03-24,00000343,0009470526,00006,5712
000000000000064,00003,2013-01-07,00000067,0003708749,00000,8152
000000000000065,00006,2013-03-31,00000008,0009336094,00008,7374
000000000000066,00009,2019-11-22,00000459,0003644909,00006,5685
000000000000067,00004,2015-04-28,00000377,0009818496,00002,8532
000000000000068,00001,2017-09-04,00000196,0001071358,00000,9307
000000000000069,00001,2015-01-04,00000462,0008339743,00006,7101
000000000000070,00003,2012-04-17,00000212,0002455420,00001,6621
000000000000071,00005,2018-01-04,00000469,0009166924,00002,5858
000000000000072,00002,2019-11-17,00000610,0009460741,00006,8467
000000000000073,00007,2020-06-11,00000898,0005409986,00007,9084
000000000000074,00008,2015-01-06,00000650,0003670403,00000,7787
000000000000075,00005,2016-12-28,00000722,0000595058,00008,6215
000000000000076,00009,2015-12-13,00000895,0002615657,00006,9775
000000000000077,00001,2019-08-01,00000301,0001420076,00008,5322
000000000000078,00002,2015-05-29,00000067,0000681692,00004,5125
000000000000079,00005,2019-03-18,00000777,0002695931,00002,8774
000000000000080,00008,2017-11-23,00000991,0006412798,00008,9115
000000000000081,00010,2013-02-13,00000034,0008690570,00009,5625
000000000000082,00003,2018-10-31,00000764,0004859757,00008,9903
000000000000083,00006,2019-10-13,00000427,0009837965,00003,5167
000000000000084,00002,2011-08-01,00000672,0005074135,00008,9671
000000000000085,00001,2017-03-28,00000260,0008279724,00004,7480
000000000000086,00006,2018-07-09,00000791,0006437072,00000,6341
000000000000087,00003,2013-09-29,00000656,0004816543,00005,5454
000000000000088,00007,2012-03-10,00000964,0007010628,00002,9029
000000000000089,00010,2012-12-19,00000911,0002539630,00005,8368
000000000000090,00006,2019-07-06,00000036,0007698768,00000,5831
000000000000091,00000,2014-02-25,00000482,0000544680,00009,6087
000000000000092,00001,2017-02-01,00000645,0009213103,00010,7839
000000000000093,00007,2018-02-06,00000199,0001862219,00000,9998
000000000000094,00009,2019-07-12,00000717,0005668440,00010,6018
000000000000095,00002,2016-08-14,00000992,0006503615,00004,5995
000000000000096,00000,2014-10-18,00000531,0006577111,00007,8043
000000000000097,00007,2014-10-26,00000774,0005981980,00010,5617
000000000000098,00000,2012-05-03,00000979,0008156496,00004,5218
000000000000099,00010,2020-06-04,00000967,0009550543,00009,6769
000000000000100,00010,2013-03-02,00000235,0008429089,00008,8441
000000000000101,00001,2016-10-09,00000519,0002444279,00006,9636
000000000000102,00001,2013-01-03,00000432,0006973302,00001,5812
000000000000103,00000,2014-03-27,00000425,0007494694,00006,8416
000000000000104,00005,2020-01-10,00000030,0004237688,00001,7887
000000000000105,00005,2013-08-23,00000072,0000492872,00005,7849
000000000000106,00003,2011-09-30,00000182,0006137147,00001,9887
000000000000107,00003,2014-01-06,00000914,0000054225,00003,6009
000000000000108,00004,2011-09-13,00000765,0006192976,00000,9954
000000000000109,00002,2013-12-28,00000238,0007617662,00001,8905
000000000000110,00002,2015-12-21,00000352,0000468692,00003,7967
000000000000111,00004,2019-08-19,00000343,0004971871,00008,7678
000000000000112,00001,2012-12-14,00000188,0008946079,00009,7521
000000000000113,00002,2017-12-26,00000160,0002101111,00003,7587
000000000000114,00003,2015-09-16,00000520,0003086075,00004,8051
000000000000115,00002,2012-05-13,00000429,0000344765,00006,5638
000000000000116,00002,2012-10-27,00000719,0007050318,00004,9511
000000000000117,00009,2013-12-31,00000426,0007083151,00004,7904
000000000000118,00007,2015-10-19,00000086,0006195088,00010,9335
000000000000119,00006,2017-12-25,00000059,0000141391,00006,7626
000000000000120,00005,2015-01-18,00000451,0004920952,00007,5745
000000000000121,00001,2014-09-25,00000973,0004646789,00001,9572
000000000000122,00007,2014-03-13,00000620,0006690366,00002,8454
000000000000123,00003,2014-07-20,00000442,0007607578,00005,9287
000000000000124,00007,2017-08-16,00000145,0001451219,00007,6668
000000000000125,00007,2011-08-11,00000301,0007751255,00000,6791
000000000000126,00010,2013-07-11,00000305,0005052609,00008,9990
000000000000127,00007,2018-10-17,00000159,0001552782,00010,9076
000000000000128,00008,2015-07-13,00000778,0006799891,00004,5177
000000000000129,00010,2016-03-04,00000123,0000680267,00000,7101
000000000000130,00009,2020-07-12,00000407,0006647719,00007,5835
000000000000131,00005,2015-11-16,00000764,0004754604,00010,6605
000000000000132,00000,2013-01-10,00000609,0001182049,00004,7503
000000000000133,00001,2017-05-12,00000546,0008895035,00003,6339
000000000000134,00004,2018-08-20,00000069,0004743722,00008,6101
000000000000135,00010,2020-06-23,00000587,0003527885,00008,5862
000000000000136,00004,2018-06-10,00000420,0004903211,00007,8045
000000000000137,00002,2013-12-03,00000581,0002068600,00001,8124
000000000000138,00002,2019-07-16,00000410,0009388750,00010,7449
000000000000139,00006,2019-08-15,00000362,0003657600,00007,9004
000000000000140,00005,2020-02-10,00000711,0008266465,00010,5493
000000000000141,00002,2016-09-07,00000454,0008313498,00000,6767
000000000000142,00007,2017-08-16,00000026,0006559321,00000,9315
000000000000143,00010,2012-12-17,00000068,0006628937,00000,7959
000000000000144,00009,2013-07-21,00000042,0000062752,00004,7396
000000000000145,00002,2015-06-08,00000744,0009610833,00004,6566
000000000000146,00007,2018-12-17,00000107,0005539765,00006,6378
000000000000147,00010,2018-10-02,00000338,0007302623,00002,8664
000000000000148,00008,2014-02-01,00000955,0005302803,00002,6711
000000000000149,00007,2014-10-03,00000932,0005858053,00006,8500
000000000000150,00006,2019-12-12,00000826,0003693663,00003,8598
000000000000151,00009,2015-01-20,00000962,0000835392,00006,5272
000000000000152,00002,2013-01-07,00000239,0006100366,00000,6420
000000000000153,00009,2016-08-21,00000238,0001453404,00008,7330
000000000000154,00006,2017-08-01,00000789,0007688902,00000,9228
000000000000155,00009,2018-11-26,00000681,0007626962,00007,7086
000000000000156,00003,2019-09-02,00000721,0005657180,00004,5345
000000000000157,00002,2012-06-21,00000044,0005868707,00000,7374
000000000000158,00002,2011-09-13,00000670,0001068543,00006,6819
000000000000159,00008,2018-04-28,00000993,0003707310,00007,6579
000000000000160,00009,2013-04-26,00000347,0001436474,00005,7645
000000000000161,00005,2019-05-01,00000548,0004286576,00000,9276
000000000000162,00005,2014-10-24,00000045,0001344122,00003,9296
000000000000163,00003,2014-10-09,00000354,0004215729,00010,7468
000000000000164,00006,2020-05-15,00000319,0004272136,00007,7817
000000000000165,00000,2015-08-30,00000892,0005130719,00008,5592
000000000000166,00007,2019-06-03,00000009,0007351752,00000,8376
000000000000167,00007,2019-05-31,00000505,0001981785,00001,5667
000000000000168,00002,2013-04-04,00000246,0006945982,00003,8609
000000000000169,00006,2012-11-21,00000627,0009378651,00006,5322
000000000000170,00003,2014-08-24,00000981,0008221061,00003,6049
000000000000171,00005,2016-04-28,00000860,0005361947,00006,5878
000000000000172,00009,2016-06-08,00000570,0009077743,00003,7430
000000000000173,00008,2019-02-04,00000796,0007752373,00008,7138
000000000000174,00000,2015-07-10,00000279,0001991962,00009,5810
000000000000175,00003,2018-08-19,00000176,0003658518,00004,5052
000000000000176,00006,2020-05-05,00000759,0000835008,00001,8151
000000000000177,00001,2016-03-19,00000660,0009473539,00005,6880
000000000000178,00003,2016-05-18,00000691,0004028815,00001,9244
000000000000179,00003,2017-02-22,00000314,0006261205,00010,8934
000000000000180,00002,2014-06-29,00000293,0000260026,00008,9135
000000000000181,00009,2017-10-27,00000335,0000424235,00002,8240
000000000000182,00008,2014-08-02,00000158,0001282722,00002,6691
000000000000183,00009,2020-01-11,00000800,0003581229,00003,6082
000000000000184,00006,2015-07-22,00000835,0005930115,00009,9841
000000000000185,00001,2020-01-22,00000135,0000436450,00008,9883
000000000000186,00007,2019-11-25,00000367,0005179114,00000,6802
000000000000187,00010,2014-05-09,00000568,0008299670,00007,9473
000000000000188,00004,2012-12-01,00000321,0002305932,00009,8291
000000000000189,00005,2014-10-30,00000720,0004894386,00006,5484
000000000000190,00005,2012-03-24,00000213,0004187743,00005,8614
000000000000191,00004,2015-06-03,00000684,0005774243,00010,6329
000000000000192,00005,2011-11-13,00000312,0009623295,00008,5476
000000000000193,00005,2014-02-24,00000749,0000368884,00007,5502
000000000000194,00000,2015-09-08,00000025,0000208729,00003,7676
000000000000195,00005,2012-08-21,00000068,0007090938,00002,6773
000000000000196,00002,2018-12-25,00000459,0006006832,00004,6449
000000000000197,00006,2017-03-04,00000664,0006420108,00000,8352
000000000000198,00008,2016-01-24,00000912,0008914350,00010,8790
000000000000199,00009,2012-04-16,00000777,0002056810,00006,8197
000000000000200,00008,2011-08-19,00000175,0002319067,00009,9210
000000000000201,00001,2014-02-05,00000860,0005537337,00003,6444
000000000000202,00002,2011-12-14,00000252,0009418876,00002,5642
000000000000203,00009,2013-05-05,00000437,0007675774,00002,9931
000000000000204,00005,2015-11-15,00000041,0006316917,00000,5297
000000000000205,00005,2013-02-06,00000508,0004911270,00010,6235
000000000000206,00008,2015-08-06,00000469,0005969492,00002,8315
000000000000207,00007,2016-03-02,00000345,0006586621,00000,7545
000000000000208,00008,2016-06-24,00000543,0007867130,00000,9356
000000000000209,00010,2016-01-16,00000584,0000642581,00007,8236
000000000000210,00006,2013-08-14,00000738,0005814795,00007,5419
000000000000211,00000,2016-03-22,00000021,0004260070,00010,9767
000000000000212,00010,2016-07-04,00000719,0003474527,00008,9229
000000000000213,00004,2018-02-22,00000348,0003505930,00001,9636
000000000000214,00009,2015-09-15,00000337,0008938565,00010,7894
000000000000215,00005,2014-03-08,00000166,0000152540,00009,5419
000000000000216,00005,2014-03-27,00000578,0006093368,00004,7403
000000000000217,00006,2019-12-30,00000330,0007231074,00002,5008
000000000000218,00009,2013-12-21,00000807,0000731509,00007,6030
000000000000219,00007,2011-09-26,00000349,0004321792,00009,6537
000000000000220,00004,2018-10-15,00000071,0002916442,00008,6391
000000000000221,00009,2014-04-04,00000064,0001846394,00008,9451
000000000000222,00006,2018-02-14,00000619,0004458688,00004,7334
000000000000223,00004,2018-11-14,00000013,0004331722,00008,9319
000000000000224,00005,2016-12-26,00000567,0003187474,00006,6160
000000000000225,00008,2011-09-05,00000865,0002606055,00010,9614
000000000000226,00007,2017-09-19,00000393,0000610173,00008,8372
000000000000227,00000,2015-06-18,00000651,0006077083,00008,6298
000000000000228,00010,2014-11-20,00000696,0005947073,00010,9071
000000000000229,00009,2015-10-26,00000019,0004061422,00004,6516
000000000000230,00001,2018-09-21,00000967,0009615703,00007,6939
000000000000231,00008,2019-03-25,00000761,0001684795,00003,6347
000000000000232,00006,2012-09-08,00000451,0006622676,00004,7070
000000000000233,00009,2017-08-21,00000447,0005498934,00001,7515
000000000000234,00000,2019-12-16,00000030,0004203666,00003,8259
000000000000235,00010,2018-12-27,00000395,0006530730,00000,9773
000000000000236,00009,2017-08-11,00000476,0002127577,00009,7280
000000000000237,00006,2011-12-29,00000335,0007947785,00008,6108
000000000000238,00009,2012-12-18,00000042,0005828972,00005,5036
000000000000239,00001,2014-10-28,00000071,0009070131,00007,5353
000000000000240,00005,2012-01-04,00000322,0006587550,00002,7253
000000000000241,00009,2013-12-30,00000416,0002474463,00006,7507
000000000000242,00002,2012-08-05,00000523,0002103568,00002,8939
000000000000243,00008,2012-05-16,00000722,0000729326,00008,8172
000000000000244,00005,2014-08-23,00000972,0009829491,00001,5661
000000000000245,00004,2014-07-18,00000573,0003382362,00004,7686
000000000000246,00004,2015-11-24,00000717,0008681135,00007,6271
000000000000247,00008,2019-03-19,00000774,0002563879,00000,9796
000000000000248,00000,2020-04-16,00000181,0005302945,00001,6580
000000000000249,00009,2019-05-06,00000663,0004005078,00007,9278
000000000000250,00010,2017-04-03,00000163,0002262848,00007,9554
000000000000251,00008,2012-12-24,00000058,0005761007,00000,5655
000000000000252,00009,2018-11-08,00000106,0005910950,00009,8699
000000000000253,00008,2018-01-04,00000343,0006074273,00010,5973
000000000000254,00000,2016-12-20,00000139,0003063507,00002,5157
000000000000255,00000,2014-11-13,00000345,0006943020,00010,5508
000000000000256,00006,2016-11-15,00000715,0000876290,00009,6377
000000000000257,00006,2012-11-23,00000366,0000906077,00007,7907
000000000000258,00010,2015-12-06,00000618,0005196622,00009,8716
000000000000259,00000,2014-08-26,00000422,0007612310,00004,6560
000000000000260,00001,2018-03-04,00000972,0005999689,00001,6010
000000000000261,00000,2017-07-18,00000026,0002971024,00006,5111
000000000000262,00008,2019-05-06,00000330,0008322024,00007,5659
000000000000263,00008,2012-06-16,00000878,0006743319,00004,5227
000000000000264,00001,2020-05-09,00000663,0001343728,00005,7937
000000000000265,00007,2013-04-02,00000978,0000554783,00002,9231
000000000000266,00000,2016-06-17,00000640,0000012188,00006,7766
000000000000267,00002,2014-01-28,00000160,0002929541,00002,6987
000000000000268,00000,2017-02-28,00000965,0008101999,00010,8261
000000000000269,00003,2015-06-06,00000045,0004724068,00005,6392
000000000000270,00005,2015-08-19,00000989,0003792324,00002,8446
000000000000271,00009,2017-10-04,00000474,0002315220,00006,9627
000000000000272,00002,2011-10-22,00000789,0009792047,00000,8194
000000000000273,00002,2014-07-03,00000735,0000327319,00000,7648
000000000000274,00000,2011-08-22,00000522,0000791973,00001,9694
000000000000275,00002,2014-02-02,00000626,0006373233,00000,8430
000000000000276,00003,2017-03-29,00000446,0002312417,00005,9179
000000000000277,00001,2018-05-22,00000221,0002177642,00006,9637
000000000000278,00001,2017-07-17,00000674,0007240058,00006,7012
000000000000279,00003,2018-01-27,00000482,0006624276,00003,8941
000000000000280,00004,2012-10-01,00000406,0004628418,00008,8045
000000000000281,00009,2011-12-13,00000555,0007961639,00003,7263
000000000000282,00006,2017-01-18,00000041,0001789460,00008,5399
000000000000283,00000,2018-04-03,00000147,0007064041,00006,8546
000000000000284,00007,2013-05-12,00000946,0007750865,00002,6389
000000000000285,00006,2019-08-25,00000348,0002667733,00009,7324
000000000000286,00001,2020-02-23,00000780,0006178754,00005,6168
000000000000287,00007,2017-08-30,00000643,0008702631,00000,6603
000000000000288,00002,2015-12-17,00000898,0009792545,00005,7425
000000000000289,00004,2012-04-13,00000389,0009251545,00006,5285
000000000000290,00004,2018-07-25,00000698,0006294180,00003,7841
000000000000291,00001,2013-10-29,00000137,0005988857,00002,5255
000000000000292,00007,2018-05-10,00000440,0001277901,00010,5637
000000000000293,00008,2018-10-25,00000796,0009293181,00002,6386
000000000000294,00002,2015-02-09,00000156,0003829391,00000,9303
000000000000295,00005,2019-12-19,00000138,0004832500,00005,5970
000000000000296,00004,2018-07-14,00000821,0002656163,00005,9108
000000000000297,00008,2017-03-22,00000991,0002425658,00006,9550
000000000000298,00006,2015-07-27,00000312,0005813744,00006,8860
000000000000299,00006,2016-10-14,00000523,0006816559,00001,6261
000000000000300,00009,2011-08-30,00000151,0009990343,00010,9236
000000000000301,00009,2015-01-24,00000109,0008614296,00001,7184
000000000000302,00006,2014-06-12,00000705,0001432388,00000,5085
000000000000303,00007,2017-09-27,00000118,0005341088,00001,8707
000000000000304,00010,2015-11-24,00000377,0008162643,00003,6302
000000000000305,00008,2012-11-26,00000575,0002818595,00000,6366
000000000000306,00006,2020-05-17,00000899,0003491057,00007,8317
000000000000307,00009,2011-12-09,00000270,0002252628,00006,6403
000000000000308,00009,2019-01-30,00000906,0000900146,00006,5711
000000000000309,00005,2018-06-21,00000659,0003910694,00008,8731
000000000000310,00009,2019-09-29,00000040,0001708018,00004,9157
000000000000311,00007,2018-04-13,00000502,0004451112,00002,6882
000000000000312,00002,2017-10-10,00000553,0005074329,00009,6176
000000000000313,00001,2012-09-30,00000467,0008021386,00006,9637
000000000000314,00008,2018-07-21,00000975,0001547554,00004,8950
000000000000315,00004,2013-06-18,00000235,0002366782,00005,5771
000000000000316,00010,2012-07-17,00000141,0002295270,00009,9577
000000000000317,00000,2011-09-12,00000203,0006783920,00008,9929
000000000000318,00007,2013-05-26,00000502,0009387620,00005,7810
000000000000319,00010,2013-03-28,00000893,0000086312,00003,6856
000000000000320,00004,2016-11-16,00000509,0003768433,00000,9060
000000000000321,00005,2020-03-27,00000363,0001537900,00001,7496
000000000000322,00003,2018-10-06,00000587,0006165612,00006,6191
000000000000323,00003,2016-06-22,00000237,0008071846,00010,7942
000000000000324,00009,2018-02-12,00000289,0002170453,00001,8286
000000000000325,00007,2020-02-02,00000363,0003836068,00010,8063
000000000000326,00006,2017-09-06,00000647,0004654198,00005,8283
000000000000327,00001,2016-05-24,00000785,0008048491,00004,5988
000000000000328,00005,2014-03-15,00000456,0004085789,00002,7769
000000000000329,00001,2015-06-21,00000511,0006440884,00006,8807
000000000000330,00009,2019-06-08,00000525,0003701983,00010,8270
000000000000331,00007,2016-11-14,00000514,0003903327,00005,9242
000000000000332,00001,2011-08-10,00000700,0007914921,00005,8229
000000000000333,00006,2015-06-12,00000912,0000815870,00009,5331
000000000000334,00004,2013-03-02,00000416,0003360503,00005,6462
000000000000335,00005,2014-08-27,00000115,0000474166,00003,5357
000000000000336,00008,2018-02-01,00000008,0000075610,00002,5954
000000000000337,00001,2014-12-20,00000841,0007819699,00003,5012
000000000000338,00001,2018-08-22,00000532,0009008220,00002,6919
000000000000339,00006,2018-08-24,00000232,0007963891,00000,8570
000000000000340,00000,2018-01-23,00000215,0004518401,00000,9774
000000000000341,00005,2017-10-30,00000355,0007615383,00010,6100
000000000000342,00001,2020-05-16,00000610,0004223131,00001,5847
000000000000343,00002,2011-12-27,00000279,0002280095,00006,6696
000000000000344,00003,2017-01-05,00000586,0007066096,00008,9099
000000000000345,00007,2013-05-16,00000123,0002089555,00008,8667
000000000000346,00007,2014-08-14,00000481,0009190134,00005,6055
000000000000347,00006,2015-11-28,00000426,0001317848,00009,9140
000000000000348,00007,2015-07-21,00000343,0004168636,00005,8936
000000000000349,00000,2018-07-23,00000793,0007499392,00000,9525
000000000000350,00003,2019-03-02,00000414,0007205628,00003,7074
000000000000351,00002,2019-08-30,00000488,0003829558,00007,7322
000000000000352,00009,2019-11-07,00000368,0002496588,00008,5717
000000000000353,00008,2016-09-05,00000192,0002059502,00000,6270
000000000000354,00005,2012-03-14,00000351,0002690311,00007,8197
000000000000355,00006,2014-10-08,00000694,0008323170,00003,6372
000000000000356,00005,2012-05-18,00000400,0008739453,00003,7687
000000000000357,00008,2020-05-30,00000187,0009973812,00009,8555
000000000000358,00010,2019-12-22,00000155,0009575366,00003,9899
000000000000359,00003,2012-02-20,00000451,0008183220,00009,7602
000000000000360,00000,2014-12-02,00000569,0000730513,00000,6099
000000000000361,00010,2019-02-13,00000248,0003758064,00010,5893
000000000000362,00006,2020-05-08,00000882,0004804867,00010,7770
000000000000363,00002,2014-11-05,00000505,0006251832,00008,7920
000000000000364,00006,2019-01-12,00000734,0007363500,00010,7601
000000000000365,00001,2019-07-20,00000866,0002459284,00003,5928
000000000000366,00006,2014-03-24,00000769,0007782598,00008,6720
000000000000367,00000,2017-11-01,00000913,0000356987,00006,6698
000000000000368,00009,2018-08-05,00000089,0009556498,00006,9430
000000000000369,00010,2011-08-25,00000215,0002288102,00008,9011
000000000000370,00008,2018-01-17,00000316,0009012756,00001,5641
000000000000371,00000,2019-12-17,00000619,0003421822,00006,7949
000000000000372,00000,2013-01-01,00000319,0004011779,00009,5228
000000000000373,00005,2020-04-19,00000602,0002573280,00007,7116
000000000000374,00004,2019-03-09,00000112,0003683077,00006,8146
000000000000375,00005,2020-03-14,00000763,0003830347,00009,7161
000000000000376,00000,2013-02-02,00000958,0002596864,00005,9785
000000000000377,00001,2019-10-30,00000577,0008846861,00007,8561
000000000000378,00000,2018-02-19,00000327,0001956189,00006,9973
000000000000379,00002,2013-11-07,00000680,0000522142,00001,8520
000000000000380,00010,2012-02-13,00000253,0004563305,00004,8148
000000000000381,00004,2017-06-05,00000118,0006270330,00009,6552
000000000000382,00005,2012-08-04,00000762,0008646842,00008,5114
000000000000383,00000,2020-01-03,00000165,0004326138,00005,6127
000000000000384,00009,2013-04-08,00000352,0009416050,00006,5554
000000000000385,00008,2013-05-08,00000257,0001259668,00009,6050
000000000000386,00008,2012-03-02,00000496,0003747889,00005,5793
000000000000387,00002,2015-04-09,00000571,0003861339,00006,6649
000000000000388,00005,2019-01-17,00000623,0002650155,00004,7855
000000000000389,00003,2014-12-29,00000997,0007813651,00005,6052
000000000000390,00001,2011-08-02,00000283,0005504293,00004,7648
000000000000391,00009,2013-01-06,00000035,0000236896,00004,5939
000000000000392,00003,2016-04-05,00000170,0008601854,00008,7837
000000000000393,00001,2019-03-21,00000885,0006956133,00008,9357
000000000000394,00001,2018-07-16,00000851,0001348426,00009,8792
000000000000395,00004,2014-07-17,00000331,0004043979,00010,8579
000000000000396,00000,2016-06-15,00000689,0000384286,00000,7206
000000000000397,00005,2016-11-26,00000078,0009191330,00010,7354
000000000000398,00008,2015-10-24,00000049,0002349119,00004,9891
000000000000399,00006,2018-03-10,00000057,0004712318,00009,6846
000000000000400,00008,2016-11-24,00000259,0008212415,00007,6006
000000000000401,00002,2017-12-12,00000433,0008736249,00000,6892
000000000000402,00006,2019-09-12,00000723,0000513505,00003,5664
000000000000403,00002,2013-04-02,00000315,0002158893,00007,5124
000000000000404,00008,2017-09-27,00000914,0006944167,00001,9319
000000000000405,00004,2020-01-30,00000252,0004505540,00006,8534
000000000000406,00002,2012-07-27,00000482,0008795187,00005,6658
000000000000407,00003,2014-02-24,00000255,0005047243,00002,6526
000000000000408,00008,2015-11-02,00000564,0000457204,00002,6905
000000000000409,00002,2018-09-05,00000884,0004082707,00008,6055
000000000000410,00003,2014-06-08,00000902,0008791516,00004,5172
000000000000411,00003,2019-06-02,00000739,0001046335,00006,6374
000000000000412,00006,2020-03-06,00000390,0003564982,00006,9368
000000000000413,00001,2019-12-20,00000538,0002126871,00001,9364
000000000000414,00000,2012-12-19,00000011,0004077365,00006,8689
000000000000415,00006,2016-04-08,00000690,0005793059,00010,8246
000000000000416,00002,2012-11-18,00000264,0009831977,00003,6719
000000000000417,00000,2012-05-07,00000878,0008577780,00001,8655
000000000000418,00010,2019-03-30,00000254,0002256350,00009,9175
000000000000419,00009,2011-10-22,00000296,0002478595,00005,7932
000000000000420,00008,2016-08-20,00000375,0004253160,00002,5184
000000000000421,00009,2014-12-22,00000490,0006658989,00005,8879
000000000000422,00002,2019-01-26,00000308,0007976587,00004,7718
000000000000423,00006,2018-01-20,00000357,0009709847,00006,9108
000000000000424,00003,2015-07-31,00000305,0007236414,00003,7172
000000000000425,00008,2014-06-05,00000526,0002353261,00009,9238
000000000000426,00010,2020-03-11,00000774,0007983538,00005,7121
000000000000427,00007,2016-09-16,00000443,0008836976,00000,6591
000000000000428,00007,2015-12-13,00000991,0001153807,00000,6648
000000000000429,00004,2013-05-02,00000611,0000017606,00003,6515
000000000000430,00010,2014-07-13,00000632,0006046175,00009,7192
000000000000431,00000,2011-11-10,00000009,0002809816,00004,6934
000000000000432,00005,2020-01-30,00000402,0005951181,00001,9768
000000000000433,00000,2013-07-16,00000442,0002888879,00000,9865
000000000000434,00005,2016-03-19,00000544,0003499976,00006,6612
000000000000435,00002,2014-09-19,00000326,0008326642,00010,6238
000000000000436,00006,2020-03-06,00000626,0009844899,00010,6857
000000000000437,00000,2011-08-17,00000927,0007317120,00009,5256
000000000000438,00008,2013-11-19,00000661,0001429723,00006,7542
000000000000439,00000,2014-10-17,00000339,0005689607,00002,7589
000000000000440,00007,2016-03-30,00000672,0008074020,00009,7708
000000000000441,00007,2012-11-26,00000276,0002677291,00001,9197
000000000000442,00009,2018-06-17,00000265,0007512694,00006,6302
000000000000443,00002,2018-09-16,00000622,0001886178,00009,5912
000000000000444,00007,2014-09-28,00000858,0004935966,00010,5819
000000000000445,00004,2018-10-27,00000701,0004632598,00001,7913
000000000000446,00000,2012-11-06,00000521,0000686153,00009,5121
000000000000447,00001,2013-12-07,00000997,0006846814,00006,8943
000000000000448,00005,2012-01-15,00000907,0002356197,00001,8211
000000000000449,00000,2015-05-29,00000659,0003510434,00006,5226
000000000000450,00002,2018-05-16,00000048,0009399745,00004,8331
000000000000451,00007,2012-07-05,00000414,0009099958,00002,9592
000000000000452,00010,2013-09-27,00000964,0003478153,00009,6379
000000000000453,00009,2013-02-04,00000850,0007878629,00004,7194
000000000000454,00006,2015-03-07,00000258,0000150885,00010,5422
000000000000455,00000,2012-10-08,00000536,0004775752,00002,6153
000000000000456,00002,2020-03-17,00000852,0001921276,00005,5052
000000000000457,00002,2017-01-29,00000758,0005540926,00009,5512
000000000000458,00003,2017-12-03,00000088,0004259210,00007,7718
000000000000459,00007,2019-10-31,00000698,0008987595,00008,5691
000000000000460,00007,2016-12-11,00000082,0006437363,00006,9441
000000000000461,00008,2018-10-28,00000491,0001241976,00003,6177
000000000000462,00008,2018-05-18,00000659,0005257829,00002,5577
000000000000463,00000,2014-03-25,00000146,0006443241,00010,9630
000000000000464,00008,2012-09-26,00000118,0004489782,00009,7479
000000000000465,00006,2019-09-10,00000360,0009923301,00005,8823
000000000000466,00003,2017-06-14,00000524,0008425124,00000,8144
000000000000467,00005,2017-10-21,00000800,0008595343,00000,7046
000000000000468,00007,2012-11-20,00000588,0001861461,00005,8565
000000000000469,00008,2015-09-23,00000784,0000407514,00008,9159
000000000000470,00009,2012-04-06,00000114,0006017923,00000,7996
000000000000471,00004,2017-05-18,00000184,0008154484,00007,8433
000000000000472,00010,2015-08-06,00000001,0008009698,00005,6316
000000000000473,00007,2012-04-27,00000944,0008823454,00010,6350
000000000000474,00004,2018-02-17,00000853,0009735250,00007,6745
000000000000475,00007,2012-01-16,00000935,0002909275,00009,8618
000000000000476,00006,2017-02-25,00000322,0009527442,00010,6180
000000000000477,00006,2018-11-20,00000524,0003980028,00005,8121
000000000000478,00003,2015-09-03,00000302,0004276805,00003,9394
000000000000479,00007,2017-11-27,00000601,0003995775,00009,7766
000000000000480,00005,2014-01-26,00000638,0004086509,00002,7102
000000000000481,00008,2014-07-09,00000563,0001925021,00007,8930
000000000000482,00009,2014-08-31,00000209,0006005197,00009,7040
000000000000483,00008,2013-02-01,00000726,0008333800,00003,7406
000000000000484,00008,2016-03-25,00000399,0003389575,00005,8331
000000000000485,00000,2011-12-06,00000322,0003222740,00003,9947
000000000000486,00008,2014-05-12,00000851,0007689565,00001,7054
000000000000487,00007,2016-06-22,00000513,0007042705,00005,8156
000000000000488,00000,2013-07-14,00000055,0005614402,00002,7180
000000000000489,00004,2019-01-12,00000629,0009193186,00006,8946
000000000000490,00010,2015-04-30,00000383,0001504393,00001,5747
000000000000491,00010,2011-11-16,00000518,0009773129,00008,7710
000000000000492,00009,2013-03-17,00000978,0003941404,00000,5337
000000000000493,00004,2013-03-15,00000807,0001534753,00009,8206
000000000000494,00009,2013-10-05,00000726,0008912356,00003,7275
000000000000495,00002,2014-04-12,00000302,0009904831,00003,6121
000000000000496,00004,2015-06-18,00000133,0008321614,00004,6190
000000000000497,00003,2016-03-11,00000752,0001315964,00002,8333
000000000000498,00003,2014-09-03,00000997,0009878229,00000,7879
000000000000499,00010,2019-09-28,00000550,0002117224,00004,5668
000000000000500,00009,2016-04-30,00000919,0003700615,00000,6174
000000000000501,00009,2015-02-07,00000843,0000056616,00006,6041
000000000000502,00008,2019-10-30,00000148,0000688944,00008,7611
000000000000503,00010,2015-04-27,00000972,0002926064,00007,7593
000000000000504,00003,2019-02-09,00000680,0004619466,00010,6546
000000000000505,00007,2017-07-12,00000102,0004566037,00005,9412
000000000000506,00003,2016-05-21,00000602,0004793898,00008,8215
000000000000507,00006,2014-07-23,00000067,0001909166,00009,5779
000000000000508,00007,2013-12-07,00000529,0002418947,00006,7143
000000000000509,00002,2014-11-24,00000917,0001148120,00004,8608
000000000000510,00006,2017-02-21,00000997,0008587811,00000,7820
000000000000511,00006,2018-03-19,00000853,0009220384,00002,9432
000000000000512,00010,2014-03-01,00000582,0000583591,00004,8634
000000000000513,00003,2018-08-27,00000528,0007863679,00003,8206
000000000000514,00008,2013-03-28,00000089,0006746359,00001,9151
000000000000515,00010,2019-07-08,00000689,0002817381,00000,6650
000000000000516,00001,2015-09-03,00000238,0006341484,00006,5570
000000000000517,00008,2015-03-13,00000908,0003333830,00003,9028
000000000000518,00001,2014-11-01,00000093,0008610128,00002,9946
000000000000519,00010,2020-06-02,00000199,0007241658,00009,8235
000000000000520,00010,2016-01-14,00000885,0007907748,00010,9938
000000000000521,00005,2012-01-26,00000807,0005794419,00003,5283
000000000000522,00007,2014-12-09,00000998,0003611171,00008,6737
000000000000523,00002,2011-09-12,00000845,0003969508,00007,8865
000000000000524,00010,2016-04-10,00000093,0004865708,00006,7695
000000000000525,00010,2016-08-21,00000755,0001487825,00009,6019
000000000000526,00005,2020-01-09,00000846,0001482392,00003,6114
000000000000527,00000,2015-08-30,00000419,0008135611,00004,6179
000000000000528,00010,2017-11-16,00000529,0002442574,00001,9160
000000000000529,00010,2017-01-09,00000329,0001268097,00005,6569
000000000000530,00008,2016-08-07,00000205,0007110941,00010,8103
000000000000531,00002,2012-03-07,00000404,0007396679,00001,7357
000000000000532,00008,2014-03-20,00000644,0003154616,00009,9008
000000000000533,00009,2014-03-22,00000358,0002493166,00009,8517
000000000000534,00001,2015-03-06,00000271,0002647058,00002,8616
000000000000535,00002,2018-10-15,00000938,0000642800,00004,8851
000000000000536,00010,2013-01-10,00000586,0006151724,00010,5807
000000000000537,00003,2019-12-27,00000103,0008731281,00000,5246
000000000000538,00007,2013-01-17,00000881,0004362807,00009,7104
000000000000539,00002,2017-12-24,00000719,0003986090,00010,5999
000000000000540,00002,2020-05-21,00000695,0008332692,00010,6992
000000000000541,00002,2015-06-07,00000013,0002420249,00010,6264
000000000000542,00001,2014-08-05,00000868,0001771773,00004,5782
000000000000543,00009,2019-07-16,00000276,0004328052,00009,8439
000000000000544,00002,2012-11-06,00000042,0007575071,00000,7842
000000000000545,00010,2015-11-24,00000340,0006841644,00006,5181
000000000000546,00003,2015-09-10,00000303,0001495626,00009,6179
000000000000547,00003,2020-06-22,00000253,0007599739,00005,5087
000000000000548,00006,2015-11-03,00000783,0009701269,00008,9486
000000000000549,00009,2017-03-23,00000132,0008946872,00006,6641
000000000000550,00007,2013-03-11,00000305,0004524455,00003,7144
000000000000551,00001,2016-10-15,00000924,0006172715,00002,8685
000000000000552,00010,2018-02-24,00000026,0007504454,00000,7337
000000000000553,00007,2018-10-15,00000522,0009545375,00008,6594
000000000000554,00004,2011-09-15,00000164,0001794772,00006,7106
000000000000555,00007,2019-10-29,00000202,0004441586,00008,8310
000000000000556,00004,2020-01-15,00000135,0002885469,00000,6701
000000000000557,00001,2016-01-12,00000347,0000523495,00006,7540
000000000000558,00005,2014-11-08,00000330,0006883762,00002,6015
000000000000559,00007,2017-08-29,00000255,0007405574,00002,7900
000000000000560,00006,2019-01-01,00000437,0006117488,00009,5864
000000000000561,00002,2019-04-13,00000089,0001611623,00000,9299
000000000000562,00010,2018-02-24,00000879,0008053154,00003,8221
000000000000563,00006,2013-03-22,00000652,0000961139,00010,7427
000000000000564,00004,2014-06-23,00000615,0004673473,00008,6019
000000000000565,00000,2017-04-26,00000571,0002423441,00000,5763
000000000000566,00007,2017-04-28,00000347,0003328542,00003,8067
000000000000567,00004,2019-06-04,00000902,0009157995,00002,8684
000000000000568,00001,2011-10-31,00000409,0000079439,00001,7700
000000000000569,00004,2015-02-10,00000742,0009139775,00001,9104
000000000000570,00001,2016-09-13,00000796,0001717262,00008,7364
000000000000571,00003,2012-08-12,00000758,0001866694,00010,6347
000000000000572,00002,2014-05-24,00000455,0007805450,00004,6374
000000000000573,00008,2012-01-16,00000450,0006350397,00000,6005
000000000000574,00001,2016-11-06,00000102,0006399424,00003,7101
000000000000575,00003,2018-02-09,00000740,0007769793,00010,9870
000000000000576,00002,2017-11-02,00000516,0007138072,00010,5068
000000000000577,00009,2018-09-27,00000603,0003920933,00004,7841
000000000000578,00007,2016-12-01,00000525,0007844302,00004,7822
000000000000579,00002,2014-05-13,00000279,0003728580,00007,7650
000000000000580,00005,2011-12-22,00000658,0007956889,00009,7345
000000000000581,00000,2015-10-14,00000691,0001709860,00007,9239
000000000000582,00003,2014-09-05,00000838,0006520854,00009,7717
000000000000583,00000,2013-11-02,00000564,0008246745,00006,8825
000000000000584,00005,2019-01-29,00000811,0000199832,00003,9645
000000000000585,00007,2012-09-26,00000208,0002206622,00010,5718
000000000000586,00010,2020-05-29,00000736,0009293745,00006,7285
000000000000587,00006,2012-12-01,00000212,0000382873,00008,8909
000000000000588,00000,2017-05-29,00000734,0003316579,00009,7417
000000000000589,00007,2018-09-14,00000851,0008620594,00004,5525
000000000000590,00005,2013-01-15,00000039,0006357143,00010,8379
000000000000591,00004,2015-07-12,00000390,0008132016,00006,9536
000000000000592,00010,2018-12-23,00000000,0004840763,00010,8974
000000000000593,00010,2018-05-14,00000157,0007239997,00006,9802
000000000000594,00007,2016-09-18,00000739,0009188303,00005,7490
000000000000595,00005,2014-06-20,00000428,0000625129,00006,8597
000000000000596,00004,2019-01-29,00000981,0001104355,00010,6857
000000000000597,00006,2015-07-05,00000339,0000403274,00009,7775
000000000000598,00007,2014-09-10,00000159,0001159731,00001,6451
000000000000599,00003,2012-02-14,00000965,0003002904,00000,9261
000000000000600,00010,2019-01-07,00000933,0007239427,00002,7371
000000000000601,00004,2019-01-26,00000406,0008914240,00000,6305
000000000000602,00001,2014-04-06,00000490,0001958248,00007,7316
000000000000603,00004,2016-10-08,00000751,0006563031,00000,9800
000000000000604,00005,2016-02-15,00000839,0007739423,00001,5490
000000000000605,00003,2016-07-29,00000783,0007629961,00010,7534
000000000000606,00006,2015-01-30,00000561,0001141575,00006,5331
000000000000607,00005,2013-02-18,00000043,0000118655,00004,7529
000000000000608,00000,2011-08-07,00000059,0000723162,00002,9865
000000000000609,00007,2014-06-16,00000888,0001363106,00009,6140
000000000000610,00001,2013-11-15,00000020,0001289026,00001,9976
000000000000611,00003,2013-07-19,00000795,0001679605,00007,8545
000000000000612,00007,2013-07-15,00000082,0007477373,00008,6376
000000000000613,00002,2013-04-24,00000552,0006249703,00006,9189
000000000000614,00010,2012-12-13,00000133,0008498389,00000,9530
000000000000615,00006,2013-03-07,00000254,0006237170,00008,7655
000000000000616,00004,2018-04-03,00000575,0004063027,00009,5749
000000000000617,00005,2018-06-21,00000156,0004758426,00005,9140
000000000000618,00000,2011-12-08,00000382,0000020784,00002,7111
000000000000619,00010,2015-02-21,00000758,0002296020,00002,5948
000000000000620,00007,2019-11-27,00000848,0002110566,00004,7136
000000000000621,00000,2013-12-09,00000836,0002888902,00010,7877
000000000000622,00003,2017-01-30,00000832,0001595089,00008,9054
000000000000623,00005,2015-11-08,00000148,0003179592,00010,5948
000000000000624,00005,2015-09-17,00000632,0006700696,00001,7251
000000000000625,00008,2018-03-06,00000793,0005988074,00000,7719
000000000000626,00000,2018-04-13,00000237,0007065386,00008,7213
000000000000627,00004,2014-04-15,00000797,0000783073,00004,5651
000000000000628,00000,2018-08-31,00000342,0004473935,00003,6468
000000000000629,00008,2017-11-10,00000259,0001902624,00002,9074
000000000000630,00006,2012-11-01,00000204,0004784132,00010,5349
000000000000631,00000,2011-09-01,00000264,0002662280,00005,6408
000000000000632,00003,2018-06-17,00000911,0009781948,00008,6621
000000000000633,00010,2012-02-12,00000936,0009111690,00003,8718
000000000000634,00009,2019-03-24,00000896,0005616237,00005,7991
000000000000635,00006,2011-11-11,00000119,0006101620,00002,8931
000000000000636,00010,2015-06-17,00000890,0006459802,00009,5121
000000000000637,00009,2014-10-12,00000682,0008293507,00006,8213
000000000000638,00010,2014-03-13,00000165,0007195151,00006,8643
000000000000639,00004,2015-03-25,00000847,0001059791,00002,9657
000000000000640,00002,2016-09-11,00000002,0001656671,00002,7050
000000000000641,00004,2018-05-07,00000180,0008751165,00010,8450
000000000000642,00007,2018-10-18,00000328,0007786260,00001,7054
000000000000643,00004,2016-12-09,00000619,0004235398,00004,8075
000000000000644,00000,2020-04-26,00000622,0008387662,00010,9208
000000000000645,00003,2020-02-14,00000970,0007077935,00004,8331
000000000000646,00000,2012-03-12,00000739,0006954104,00008,5701
000000000000647,00000,2016-04-23,00000974,0000491851,00007,8195
000000000000648,00008,2017-07-11,00000971,0007914649,00008,8644
000000000000649,00009,2019-08-28,00000569,0003104092,00009,5204
000000000000650,00003,2017-08-18,00000621,0005165064,00006,5546
000000000000651,00002,2013-03-27,00000224,0007602702,00010,6054
000000000000652,00005,2020-01-13,00000956,0007385782,00002,9003
000000000000653,00007,2015-11-15,00000801,0005723397,00008,6835
000000000000654,00005,2012-05-05,00000793,0008567975,00004,8226
000000000000655,00004,2013-03-19,00000832,0002176618,00008,6144
000000000000656,00005,2012-08-30,00000148,0003264245,00000,5221
000000000000657,00001,2019-08-03,00000501,0009624573,00008,5414
000000000000658,00009,2019-07-07,00000142,0002271317,00009,7115
000000000000659,00005,2016-09-21,00000082,0002190746,00007,8036
000000000000660,00001,2017-03-10,00000043,0001689107,00009,5901
000000000000661,00009,2016-10-28,00000313,0006128582,00002,5058
000000000000662,00006,2019-08-29,00000672,0006788086,00010,6752
000000000000663,00004,2018-09-07,00000093,0008158859,00006,9037
000000000000664,00002,2017-12-27,00000908,0007201013,00003,8474
000000000000665,00004,2014-11-05,00000643,0001203045,00002,8809
000000000000666,00004,2017-10-01,00000329,0007547620,00005,7015
000000000000667,00002,2019-06-04,00000166,0005701883,00003,9073
000000000000668,00008,2013-03-24,00000158,0009835798,00009,8643
000000000000669,00002,2016-12-27,00000746,0001467699,00010,7589
000000000000670,00005,2016-03-18,00000167,0001956784,00001,8103
000000000000671,00004,2017-02-25,00000329,0005591509,00000,6550
000000000000672,00010,2016-09-21,00000674,0003129834,00002,9569
000000000000673,00003,2019-08-31,00000162,0001331426,00008,7126
000000000000674,00000,2013-05-18,00000918,0006356084,00001,8203
000000000000675,00010,2019-10-28,00000474,0002362441,00002,5472
000000000000676,00002,2013-07-02,00000943,0002008839,00006,9976
000000000000677,00004,2013-03-05,00000913,0001373015,00009,9756
000000000000678,00004,2015-04-08,00000102,0006760559,00002,9350
000000000000679,00005,2016-02-13,00000463,0002928992,00010,8306
000000000000680,00002,2014-08-05,00000267,0001437345,00003,9260
000000000000681,00010,2017-08-29,00000836,0007647753,00010,5743
000000000000682,00006,2020-05-12,00000339,0005071493,00007,5460
000000000000683,00002,2017-07-08,00000143,0008380194,00003,6893
000000000000684,00007,2013-09-18,00000066,0007284794,00001,7955
000000000000685,00001,2015-05-27,00000769,0005408310,00002,6632
000000000000686,00010,2016-12-04,00000242,0008331238,00005,9831
000000000000687,00008,2019-10-07,00000997,0004528924,00004,5149
000000000000688,00004,2014-08-23,00000637,0003283473,00008,9492
000000000000689,00004,2013-06-14,00000726,0007377164,00002,5898
000000000000690,00008,2019-04-29,00000049,0008865999,00008,9610
000000000000691,00006,2017-12-21,00000559,0005326755,00009,7767
000000000000692,00007,2017-03-16,00000232,0002429886,00008,5213
000000000000693,00002,2019-10-11,00000998,0000023460,00001,9603
000000000000694,00002,2011-11-24,00000870,0001835257,00000,7630
000000000000695,00010,2016-11-18,00000929,0003251323,00001,5392
000000000000696,00002,2015-06-27,00000776,0006037201,00006,9343
000000000000697,00006,2017-11-03,00000634,0003519890,00006,5324
000000000000698,00009,2015-05-16,00000610,0000123357,00007,5088
000000000000699,00003,2014-03-10,00000424,0001063849,00009,6059
000000000000700,00004,2016-12-17,00000953,0004946898,00007,7803
000000000000701,00007,2018-08-11,00000536,0005531308,00004,9230
000000000000702,00007,2016-10-03,00000890,0008962638,00005,8287
000000000000703,00006,2017-04-13,00000686,0004702950,00000,6753
000000000000704,00004,2019-07-10,00000860,0006764019,00006,6063
000000000000705,00007,2014-08-15,00000941,0003193731,00002,6580
000000000000706,00008,2016-03-07,00000079,0008493357,00002,9810
000000000000707,00010,2014-09-22,00000875,0008136220,00001,8942
000000000000708,00006,2015-10-19,00000959,0003081847,00001,5445
000000000000709,00001,2012-03-24,00000528,0001584898,00009,6125
000000000000710,00010,2015-02-24,00000150,0006024721,00005,5818
000000000000711,00007,2017-12-26,00000098,0002107451,00005,9697
000000000000712,00003,2020-06-18,00000912,0003754387,00009,9670
000000000000713,00001,2016-06-17,00000454,0002354541,00006,5782
000000000000714,00002,2014-10-14,00000767,0002985207,00004,7257
000000000000715,00002,2017-02-06,00000811,0007475832,00005,9474
000000000000716,00006,2013-02-11,00000102,0000193242,00000,6545
000000000000717,00003,2018-12-25,00000351,0005551503,00006,9826
000000000000718,00001,2017-02-28,00000126,0008081825,00009,9040
000000000000719,00006,2015-09-30,00000304,0000991041,00005,7716
000000000000720,00008,2013-02-07,00000173,0004631905,00007,5050
000000000000721,00002,2014-04-18,00000810,0009358476,00009,7766
000000000000722,00001,2019-04-22,00000696,0006535757,00004,8835
000000000000723,00006,2012-01-28,00000290,0000398868,00007,5911
000000000000724,00005,2016-09-09,00000134,0004996686,00009,6274
000000000000725,00000,2019-02-22,00000500,0005446587,00002,8392
000000000000726,00004,2012-01-12,00000826,0002993083,00009,6283
000000000000727,00008,2018-09-29,00000080,0007597086,00008,6135
000000000000728,00005,2018-09-22,00000929,0002218380,00008,7945
000000000000729,00001,2014-06-12,00000605,0001558924,00003,5920
000000000000730,00010,2019-09-19,00000207,0003212535,00000,8081
000000000000731,00005,2016-01-28,00000337,0009897069,00004,8628
000000000000732,00000,2020-05-30,00000930,0005226614,00007,8551
000000000000733,00007,2015-05-15,00000933,0000249138,00008,9883
000000000000734,00005,2018-04-22,00000747,0003596575,00009,7858
000000000000735,00002,2014-05-07,00000300,0004715865,00003,5973
000000000000736,00002,2018-01-03,00000360,0005063361,00004,6373
000000000000737,00000,2018-06-25,00000885,0001302853,00002,8197
000000000000738,00001,2012-11-28,00000421,0009553726,00003,9388
000000000000739,00005,2015-04-02,00000069,0007595046,00008,9978
000000000000740,00002,2013-03-31,00000813,0002677584,00009,9819
000000000000741,00007,2012-05-26,00000622,0004364943,00003,9396
000000000000742,00001,2019-12-23,00000062,0000282313,00010,5399
000000000000743,00002,2014-10-11,00000608,0008263980,00010,6632
000000000000744,00009,2016-07-11,00000533,0009527922,00001,6231
000000000000745,00009,2011-08-05,00000381,0005610400,00010,7537
000000000000746,00009,2015-06-05,00000915,0005096791,00000,9701
000000000000747,00001,2017-08-07,00000422,0005515028,00004,7834
000000000000748,00004,2013-04-15,00000840,0009463799,00002,7884
000000000000749,00010,2011-10-29,00000039,0006718901,00000,8538
000000000000750,00009,2018-11-26,00000239,0007801816,00004,5034
000000000000751,00008,2019-04-22,00000179,0001133263,00010,5112
000000000000752,00001,2012-04-27,00000684,0002136809,00006,8142
000000000000753,00003,2014-07-24,00000612,0009193868,00001,5244
000000000000754,00006,2012-04-10,00000886,0006801122,00004,6402
000000000000755,00000,2018-01-18,00000862,0005349365,00010,8440
000000000000756,00008,2014-12-30,00000531,0005977254,00009,7015
000000000000757,00006,2012-02-16,00000693,0008261882,00008,5390
000000000000758,00005,2014-12-24,00000857,0007679335,00002,9652
000000000000759,00000,2015-03-11,00000201,0003355937,00001,7405
000000000000760,00005,2017-01-30,00000775,0005112866,00002,6478
000000000000761,00004,2018-08-22,00000590,0000927190,00006,5905
000000000000762,00002,2020-01-17,00000774,0006375226,00003,8358
000000000000763,00002,2018-03-01,00000780,0009396834,00010,8625
000000000000764,00000,2017-09-30,00000904,0008804815,00003,6768
000000000000765,00007,2018-05-17,00000525,0003762230,00009,5640
000000000000766,00002,2013-06-19,00000553,0002771941,00004,5230
000000000000767,00002,2013-07-07,00000326,0008862829,00009,6472
000000000000768,00004,2018-08-28,00000559,0000221465,00005,6128
000000000000769,00003,2020-05-04,00000045,0007461639,00010,7212
000000000000770,00000,2018-09-01,00000798,0004180465,00009,7181
000000000000771,00010,2017-04-25,00000197,0001762083,00004,9031
000000000000772,00000,2016-07-29,00000380,0004443659,00001,7942
000000000000773,00005,2014-11-22,00000291,0003902392,00003,6632
000000000000774,00001,2018-01-06,00000192,0008974677,00004,6383
000000000000775,00006,2017-06-21,00000993,0000450704,00008,5358
000000000000776,00010,2018-12-16,00000547,0001837449,00004,6646
000000000000777,00001,2016-09-09,00000523,0001754564,00008,8458
000000000000778,00002,2017-07-31,00000690,0002473014,00001,7352
000000000000779,00002,2016-08-04,00000749,0008154375,00004,7024
000000000000780,00001,2015-09-02,00000962,0008012811,00003,7935
000000000000781,00005,2016-02-23,00000436,0001733026,00002,8797
000000000000782,00008,2017-07-21,00000836,0002175548,00001,8775
000000000000783,00005,2019-10-12,00000410,0005227336,00007,6154
000000000000784,00006,2012-05-09,00000290,0001112917,00007,9861
000000000000785,00001,2012-09-26,00000181,0006608446,00003,7391
000000000000786,00006,2013-05-27,00000640,0009789080,00004,9433
000000000000787,00009,2012-02-09,00000931,0000822727,00006,8378
000000000000788,00003,2017-11-01,00000536,0004117112,00002,5887
000000000000789,00008,2013-07-24,00000972,0002439661,00004,7935
000000000000790,00003,2020-04-07,00000497,0007249134,00002,9900
000000000000791,00005,2014-10-04,00000613,0003043094,00010,5178
000000000000792,00001,2014-02-15,00000342,0008613078,00005,9967
000000000000793,00001,2015-10-18,00000912,0009427461,00001,8911
000000000000794,00004,2019-12-22,00000535,0005622795,00009,5742
000000000000795,00010,2012-04-12,00000213,0006777748,00004,9196
000000000000796,00003,2017-05-13,00000727,0009869861,00005,7132
000000000000797,00007,2012-09-15,00000740,0002135960,00000,5793
000000000000798,00005,2016-05-11,00000449,0004265210,00007,5146
000000000000799,00010,2017-01-16,00000351,0004068510,00005,7965
000000000000800,00006,2017-09-04,00001000,0003377987,00000,8226
000000000000801,00006,2016-10-27,00000988,0000369267,00008,5973
000000000000802,00006,2011-12-28,00000321,0002405441,00001,6024
000000000000803,00003,2016-07-17,00000051,0006064323,00003,9630
000000000000804,00010,2015-05-16,00000084,0007263462,00005,7348
000000000000805,00007,2012-09-06,00000021,0004614236,00010,8125
000000000000806,00007,2014-04-22,00000218,0000182301,00002,5021
000000000000807,00001,2012-06-03,00000170,0006204376,00000,6838
000000000000808,00007,2015-06-05,00000885,0004284372,00004,9635
000000000000809,00010,2017-12-13,00000809,0008999010,00005,9072
000000000000810,00000,2020-03-08,00000948,0004089910,00002,6744
000000000000811,00001,2015-07-12,00000986,0002356029,00001,5340
000000000000812,00009,2013-02-18,00000614,0007276135,00007,8685
000000000000813,00009,2011-10-26,00000404,0008792399,00010,7611
000000000000814,00003,2020-06-17,00000720,0002126232,00009,7453
000000000000815,00010,2016-07-30,00000567,0006742176,00009,9273
000000000000816,00007,2012-06-07,00000775,0009573926,00009,7026
000000000000817,00004,2018-04-04,00000947,0009339876,00010,7519
000000000000818,00005,2013-08-20,00000755,0009618556,00004,9208
000000000000819,00007,2019-04-09,00000273,0001732288,00009,7548
000000000000820,00006,2012-11-15,00000330,0005719147,00000,5888
000000000000821,00009,2017-03-05,00000861,0001769263,00008,6608
000000000000822,00000,2011-08-31,00000584,0000303335,00004,8789
000000000000823,00010,2020-05-15,00000112,0000335057,00007,6937
000000000000824,00004,2020-05-02,00000280,0004430944,00003,8288
000000000000825,00007,2019-03-07,00000617,0005147419,00005,5122
000000000000826,00001,2016-08-02,00000776,0005733151,00001,6258
000000000000827,00004,2019-05-05,00000394,0005849773,00004,6814
000000000000828,00008,2014-09-10,00000726,0007622549,00007,7122
000000000000829,00001,2013-03-06,00000487,0002893639,00008,5427
000000000000830,00005,2015-11-06,00000794,0005577374,00005,5467
000000000000831,00002,2017-05-20,00000393,0004776994,00007,5363
000000000000832,00004,2020-02-27,00000553,0005355716,00004,7620
000000000000833,00000,2017-07-07,00000076,0007530319,00009,6423
000000000000834,00004,2016-08-03,00000367,0008239683,00000,8649
000000000000835,00005,2015-09-23,00000161,0003914400,00001,5390
000000000000836,00006,2019-02-25,00000389,0000615695,00005,5208
000000000000837,00007,2011-10-17,00000694,0004195062,00003,6442
000000000000838,00006,2013-04-29,00000476,0009428259,00000,7165
000000000000839,00000,2013-11-29,00000107,0000176007,00004,8466
000000000000840,00001,2016-06-04,00000537,0005595443,00007,9787
000000000000841,00005,2016-02-04,00000346,0003882694,00000,9259
000000000000842,00008,2019-02-06,00000243,0000299367,00010,8134
000000000000843,00008,2012-04-20,00000326,0003405011,00001,9599
000000000000844,00008,2012-02-03,00000249,0005250536,00002,6974
000000000000845,00008,2019-12-15,00000585,0008286085,00006,6472
000000000000846,00002,2016-01-16,00000457,0000643632,00005,7420
000000000000847,00010,2017-05-22,00000869,0004599429,00003,8203
000000000000848,00010,2012-08-02,00000005,0001682055,00002,9903
000000000000849,00000,2014-05-21,00000338,0000697575,00008,6332
000000000000850,00001,2014-03-19,00000968,0002341250,00002,9487
000000000000851,00006,2018-07-05,00000191,0000314206,00005,7361
000000000000852,00003,2011-11-07,00000352,0009868184,00000,8011
000000000000853,00005,2017-10-29,00000793,0001447546,00009,8038
000000000000854,00006,2012-09-05,00000374,0003149472,00005,9711
000000000000855,00003,2014-02-19,00000258,0008797464,00002,9917
000000000000856,00001,2020-03-06,00000138,0005346914,00009,9773
000000000000857,00009,2013-03-18,00000573,0002776555,00005,7092
000000000000858,00007,2016-01-15,00000479,0003102492,00006,8429
000000000000859,00005,2013-03-27,00000369,0002511795,00004,6469
000000000000860,00001,2019-03-12,00000344,0006277488,00005,7196
000000000000861,00002,2017-07-25,00000890,0006946155,00003,6636
000000000000862,00009,2019-05-26,00000161,0007162364,00010,9805
000000000000863,00000,2015-09-25,00000720,0006133314,00002,5252
000000000000864,00009,2018-07-16,00000451,0001589192,00000,8181
000000000000865,00006,2014-12-20,00000296,0000051615,00009,6878
000000000000866,00007,2019-10-30,00000413,0007133320,00006,8318
000000000000867,00002,2016-11-07,00000062,0002807605,00005,5998
000000000000868,00002,2019-03-22,00000516,0009650742,00006,6866
000000000000869,00004,2013-09-19,00000735,0000298268,00007,7569
000000000000870,00008,2017-07-02,00000491,0003675007,00004,9649
000000000000871,00007,2012-01-24,00000853,0002305406,00004,6695
000000000000872,00004,2011-11-04,00000382,0007241511,00003,5054
000000000000873,00002,2018-02-28,00000225,0004253004,00010,9728
000000000000874,00002,2014-12-21,00000821,0006546333,00009,8935
000000000000875,00009,2019-07-27,00000369,0002265604,00000,9909
000000000000876,00005,2018-10-13,00000405,0005195272,00002,7376
000000000000877,00004,2020-01-24,00000980,0006663582,00009,6975
000000000000878,00003,2019-06-09,00000814,0003067065,00007,8735
000000000000879,00003,2018-07-21,00000038,0008835686,00004,8484
000000000000880,00004,2016-11-01,00000106,0002736078,00002,6714
000000000000881,00002,2013-10-18,00000314,0005823430,00003,9726
000000000000882,00000,2014-04-15,00000607,0001757391,00002,7067
000000000000883,00004,2016-06-14,00000588,0003115927,00000,7285
000000000000884,00001,2017-11-21,00000586,0006940075,00004,7738
000000000000885,00010,2020-07-02,00000730,0004373149,00001,9544
000000000000886,00000,2012-07-16,00000960,0005729074,00006,9975
000000000000887,00010,2016-12-24,00000495,0009854307,00003,5977
000000000000888,00010,2018-10-03,00000435,0001402882,00009,7048
000000000000889,00002,2017-06-05,00000891,0000676664,00000,6032
000000000000890,00000,2017-10-15,00000395,0006250797,00005,9229
000000000000891,00008,2018-05-14,00000606,0001864252,00001,9536
000000000000892,00005,2015-03-04,00000197,0009310311,00006,6182
000000000000893,00000,2012-12-27,00000042,0005946741,00003,8372
000000000000894,00006,2013-07-19,00000583,0003476010,00005,5741
000000000000895,00004,2013-11-30,00000105,0003953498,00010,6402
000000000000896,00006,2018-02-14,00000220,0003338313,00003,5093
000000000000897,00004,2020-06-18,00000983,0007023934,00003,9174
000000000000898,00010,2017-10-02,00000104,0005586341,00004,9172
000000000000899,00009,2020-01-24,00000239,0003557499,00009,5419
000000000000900,00004,2013-06-02,00000579,0007251171,00010,5831
000000000000901,00001,2012-03-19,00000800,0005500029,00005,5938
000000000000902,00001,2016-05-23,00000636,0004035466,00004,9673
000000000000903,00006,2013-03-22,00000066,0008056068,00002,7659
000000000000904,00003,2013-10-18,00000230,0002313861,00000,9671
000000000000905,00007,2019-07-15,00000055,0009178963,00008,6926
000000000000906,00003,2015-10-15,00000434,0001632477,00005,6430
000000000000907,00001,2016-08-08,00000733,0007535953,00007,6653
000000000000908,00004,2019-09-04,00000964,0008036159,00003,8708
000000000000909,00009,2014-04-18,00000685,0003590203,00009,8309
000000000000910,00004,2018-11-22,00000359,0006553069,00002,6072
000000000000911,00001,2019-12-01,00000742,0003932820,00009,7828
000000000000912,00000,2016-04-13,00000698,0005126720,00007,6734
000000000000913,00004,2015-05-27,00000404,0009719315,00005,5200
000000000000914,00006,2012-03-04,00000368,0000424328,00009,9492
000000000000915,00000,2011-12-14,00000809,0000895491,00006,7463
000000000000916,00010,2017-03-21,00000463,0000440594,00008,8129
000000000000917,00004,2018-09-26,00000108,0000732519,00005,5364
000000000000918,00010,2017-07-07,00000063,0001988085,00009,5114
000000000000919,00010,2020-07-09,00000897,0001648346,00009,9429
000000000000920,00009,2015-03-10,00000035,0009746884,00006,7290
000000000000921,00002,2013-06-02,00000103,0002039915,00002,9543
000000000000922,00007,2015-07-07,00000244,0004360677,00006,6672
000000000000923,00008,2020-06-16,00000052,0008187811,00001,6871
000000000000924,00010,2018-04-12,00000133,0007687932,00001,7017
000000000000925,00002,2013-08-04,00000233,0007281361,00010,9021
000000000000926,00009,2015-12-09,00000430,0003220543,00008,5302
000000000000927,00002,2018-03-22,00000565,0008274880,00009,6137
000000000000928,00006,2016-10-17,00000049,0009781034,00007,8736
000000000000929,00005,2018-09-27,00000610,0008941656,00003,5525
000000000000930,00003,2020-02-10,00000306,0005704405,00004,6965
000000000000931,00006,2020-04-10,00000883,0004569619,00004,8117
000000000000932,00003,2017-01-08,00000330,0001601634,00004,7451
000000000000933,00003,2013-04-22,00000199,0006855180,00008,6342
000000000000934,00006,2015-03-14,00000323,0007798444,00003,7249
000000000000935,00006,2017-10-12,00000535,0001110219,00009,8903
000000000000936,00002,2013-03-23,00000450,0002021647,00008,7184
000000000000937,00006,2011-09-22,00000271,0006594063,00003,5203
000000000000938,00000,2014-05-07,00000618,0006978324,00006,7729
000000000000939,00006,2018-11-04,00000916,0000681618,00004,8878
000000000000940,00001,2011-10-27,00000677,0000594467,00002,9581
000000000000941,00005,2014-05-16,00000242,0007134026,00002,9142
000000000000942,00003,2019-11-08,00000298,0001252894,00004,6204
000000000000943,00003,2014-11-14,00000635,0002256594,00000,5227
000000000000944,00004,2016-04-10,00000452,0008826423,00000,8121
000000000000945,00000,2014-06-08,00000477,0002804099,00010,5075
000000000000946,00005,2018-05-17,00000534,0001537152,00005,5213
000000000000947,00008,2019-06-10,00000975,0003895033,00004,8088
000000000000948,00007,2018-12-10,00000060,0008194139,00002,6770
000000000000949,00008,2013-06-13,00000646,0008652327,00001,9289
000000000000950,00005,2018-05-19,00000222,0004651991,00003,9893
000000000000951,00010,2016-12-30,00000060,0004681539,00001,9923
000000000000952,00001,2014-09-25,00000599,0007701219,00000,8916
000000000000953,00006,2015-11-01,00000362,0002908109,00000,9316
000000000000954,00006,2014-04-23,00000180,0003334173,00004,9957
000000000000955,00000,2012-06-13,00000973,0003858859,00000,9688
000000000000956,00004,2017-11-12,00000787,0007630464,00009,7311
000000000000957,00005,2020-07-02,00000285,0006281605,00002,5546
000000000000958,00008,2019-01-30,00000658,0001906534,00001,6257
000000000000959,00006,2017-04-30,00000168,0003639226,00008,7057
000000000000960,00010,2017-07-26,00000741,0005938084,00004,9158
000000000000961,00008,2011-10-06,00000895,0001059705,00010,8444
000000000000962,00009,2013-06-20,00000677,0007055157,00007,5606
000000000000963,00007,2013-04-10,00000765,0002459768,00006,6512
000000000000964,00005,2012-02-27,00000418,0007142664,00004,7315
000000000000965,00010,2013-01-01,00000144,0009506575,00007,9473
000000000000966,00009,2016-11-29,00000941,0003162669,00008,5361
000000000000967,00007,2015-04-28,00000853,0008506676,00006,6117
000000000000968,00003,2012-02-27,00000567,0004760466,00008,6687
000000000000969,00008,2012-07-07,00000271,0006148047,00004,8146
000000000000970,00003,2012-03-15,00000134,0005040966,00003,8671
000000000000971,00000,2011-08-19,00000301,0007184087,00006,9509
000000000000972,00002,2011-10-03,00000707,0001732274,00005,8432
000000000000973,00006,2016-02-25,00000236,0008395455,00005,9631
000000000000974,00005,2013-02-17,00000158,0003606836,00010,5343
000000000000975,00006,2018-04-09,00000995,0004671831,00005,6599
000000000000976,00009,2015-08-08,00000516,0009831468,00009,5298
000000000000977,00003,2019-12-08,00000800,0003445005,00004,6316
000000000000978,00007,2014-09-17,00000889,0003884432,00000,5642
000000000000979,00006,2018-04-25,00000237,0007092556,00010,5226
000000000000980,00004,2016-06-24,00000149,0000746797,00009,6671
000000000000981,00006,2019-11-07,00000305,0001893429,00009,7856
000000000000982,00005,2019-05-14,00000091,0003755949,00009,9765
000000000000983,00005,2013-04-19,00000045,0007735492,00003,7541
000000000000984,00000,2013-04-06,00000296,0001141976,00010,9937
000000000000985,00007,2014-12-28,00000445,0003429226,00007,9570
000000000000986,00008,2018-06-22,00000693,0007931888,00002,6264
000000000000987,00007,2020-07-04,00000004,0001240906,00006,7622
000000000000988,00001,2014-08-17,00000976,0009502916,00009,7787
000000000000989,00007,2014-11-10,00000466,0007044391,00000,6291
000000000000990,00008,2016-07-16,00000256,0004939535,00010,8569
000000000000991,00010,2011-08-12,00000951,0008272381,00001,8864
000000000000992,00010,2019-07-10,00000298,0009298447,00005,8930
000000000000993,00010,2012-10-07,00000634,0005171193,00003,8428
000000000000994,00007,2017-07-24,00000474,0002428172,00007,7958
000000000000995,00010,2015-12-14,00000065,0009486266,00003,9808
000000000000996,00004,2020-07-08,00000138,0001360422,00002,5034
000000000000997,00008,2019-05-02,00000893,0008100771,00004,6485
000000000000998,00005,2018-12-22,00000005,0005063105,00006,5390
000000000000999,00000,2012-02-19,00000718,0004171794,00006,5750
